None,Earthen Me Hand-held Bag,http://www.flipkart.com/lifestyle/bags-wallets-belts/women?otracker=hp_nmenu_sub_women_0_Bags%2C%20Belts%20and%20wallets,Rs. 400,Bags  Belts and wallets,Handbags,Earthen Me,http://img5a.flixcart.com/image/hand-messenger-bag/c/k/5/bbj054-earthen-me-hand-bag-400x400-imadg55asjrty2ae.jpeg,Rs. 500,White,women,http://www.flipkart.com/earthen-me-hand-held-bag/p/itmdb5jahfmrdck5?pid=HMBDB5JAHFMRDCK5&srno=b_2&ref=fb6c49b9-9f27-4724-ac45-79faafe941b6,WS Retail,Earthen Me Hand-held Bag Natural - Price in India | Flipkart.com,Flipkart.com: Buy Earthen Me Hand-held Bag for Rs. 400 from Flipkart.com. Only Genuine Products. 30 Day Replacement Guarantee. Free Shipping. Cash On,[],<div class="item_left_column" id="description"> <h3 class="item_desc_title fk-uppercase">Earthen Me Hand-held Bag (Natural)         Price: Rs.400</h3> <div class="cls"></div> <div class="item_desc_text line"> <div style="float:right"> </div> <h3><b> Key Features </b></h3> <div class="line bmargin10"> <ul class="feature_bullet"> <li><span>Hand Bag</span></li><li><span>Ideal for Women</span></li><li><span>Made of Jute</span></li><li><span>2 Pocket</span></li> </ul> </div> <p style="text-align: justify;">   Created for the environmentally conscious women of today  this eco-friendly Earthen Me Hand Bag – For Women is sure to be a stepping stone to your go-green vow. This chic satchel is <strong>made of jute</strong> and makes sure all your possessions obtain secure and sturdy support while you are on the move. The mixed emotions design on this classy handbag makes it an exclusive and enticing fashion accessory and is simply perfect for all casual occasions. The <strong>spacious interiors of this bag are in-built with two pockets </strong> allowing for an organized segregation of your basic items and facilitating instant access to the most important essentials on the move. This <strong>handcrafted Earthen Me Hand Bag – For Women </strong>measures 342.9 x 406.4 mm in dimension  is lightweight and is easily portable while use. Adding to the ease of use  the rigid and long double handles ensure simple and hassle-free carry. This smart and versatile Earthen Me Hand Bag – For Women also consists of an <strong>inner zippered pocket and a mobile pocket</strong>. You could club this bag with a simple kurta or a hip pair of jeans and a black tee.</p> </div> <div style="clear: both;"></div> </div>,<div class="item_left_column" id="specifications"> <h3 class="item_desc_title fk-uppercase">         Specifications of Earthen Me Hand-held Bag (Natural)    </h3> <table cellspacing="0" class="fk-specs-type2"> <tr> <th class="group-head" colspan="2">General</th> </tr> <tr class=""> <td class="specs-key">Type</td> <td class="specs-value fk-data">Hand-held Bag</td> </tr> <tr class=""> <td class="specs-key">Ideal For</td> <td class="specs-value fk-data">Women</td> </tr> <tr class=""> <td class="specs-key">Material</td> <td class="specs-value fk-data">Jute</td> </tr> <tr class=""> <td class="specs-key">Style Code</td> <td class="specs-value fk-data">BBJ054</td> </tr> <tr class=""> <td class="specs-key">Color Code</td> <td class="specs-value fk-data">Natural</td> </tr> </table> <table cellspacing="0" class="fk-specs-type2"> <tr> <th class="group-head" colspan="2">Body Features</th> </tr> <tr class=""> <td class="specs-key">Number of Pockets</td> <td class="specs-value fk-data">2</td> </tr> <tr class=""> <td class="specs-key">Other Body Features</td> <td class="specs-value fk-data">Long Handle  Inside Zipper Pocket  Mobile Pocket  Handcrafted</td> </tr> </table> <table cellspacing="0" class="fk-specs-type2"> <tr> <th class="group-head" colspan="2">Additional Features</th> </tr> <tr class=""> <td class="specs-key"> </td> <td class="specs-value fk-data">Spacious  Eco Friendly Bag</td> </tr> </table> <table cellspacing="0" class="fk-specs-type2"> <tr> <th class="group-head" colspan="2">Dimensions</th> </tr> <tr class=""> <td class="specs-key">Width</td> <td class="specs-value fk-data">342.9 mm</td> </tr> <tr class=""> <td class="specs-key">Height</td> <td class="specs-value fk-data">406.4 mm</td> </tr> </table> </div>,11:03:2014,None
LSTHMBDBSKDHHNQZAEDLSMQFQ,Earthen Me Fashion Jute Hand-held Bag,http://www.flipkart.com/lifestyle/bags-wallets-belts/women?otracker=hp_nmenu_sub_women_0_Bags%2C%20Belts%20and%20wallets,Rs. 315,Bags  Belts and wallets,Handbags,Earthen Me,http://img6a.flixcart.com/image/hand-messenger-bag/a/e/d/bbj059-earthen-me-hand-bag-fashion-jute-400x400-imads7rjw8yj3e9v.jpeg,Rs. 450,Pink,women,http://www.flipkart.com/earthen-me-fashion-jute-hand-held-bag/p/itmdbskdhhnqzaed?pid=HMBDBSKDHHNQZAED&srno=b_6&ref=fb6c49b9-9f27-4724-ac45-79faafe941b6,WS Retail,Earthen Me Fashion Jute Hand-held Bag Pink - Price in India | Flipkart.com,Flipkart.com: Buy Earthen Me Fashion Jute Hand-held Bag for Rs. 315 from Flipkart.com. Only Genuine Products. 30 Day Replacement Guarantee. Free Shipping. Cash On,[],<div class="item_left_column" id="description"> <h3 class="item_desc_title fk-uppercase">Earthen Me Fashion Jute Hand-held Bag (Pink)         Price: Rs.315</h3> <div class="cls"></div> <div class="item_desc_text line"> <div style="float:right"> </div> <h3><b> Key Features </b></h3> <div class="line bmargin10"> <ul class="feature_bullet"> <li><span>Hand Bag</span></li><li><span>Ideal for Women</span></li><li><span>Polka Dots Design</span></li> </ul> </div> <p style="text-align: justify; ">   The classic look from the seventies is back in trend. This season  spice up your wardrobe with this retro-styled Earthen Me Fashion Jute Hand Bag – For Women. The<strong> smooth and fine finish</strong> of the bag is sturdy enough to ensure secure support to all the nitty-gritties you stash during your visit outdoors. Crafted with <strong>trendy polka dots design  this Earthen Me Fashion Jute Hand Bag – For Women</strong> is truly an enticing fashion accessory. The compact interiors of this satchel allow you to place your essentials like files  documents  wallet  make-up kit  umbrella  books and other such items without any hassle. You could also obtain instant access to the most essential items from these well-designed interiors. In addition to this  the <strong>stylish double handles</strong> of this Earthen Me Fashion Jute Hand Bag – For Women promote hassle-free portability. Measuring 279.4 x 355.6 mm in dimension  this casual handbag is <strong>lightweight</strong> and hence is easy to carry along on the move.</p> </div> <div style="clear: both;"></div> </div>,<div class="item_left_column" id="specifications"> <h3 class="item_desc_title fk-uppercase">         Specifications of Earthen Me Fashion Jute Hand-held Bag (Pink)    </h3> <table cellspacing="0" class="fk-specs-type2"> <tr> <th class="group-head" colspan="2">General</th> </tr> <tr class=""> <td class="specs-key">Type</td> <td class="specs-value fk-data">Hand-held Bag</td> </tr> <tr class=""> <td class="specs-key">Ideal For</td> <td class="specs-value fk-data">Women</td> </tr> <tr class=""> <td class="specs-key">Occasion</td> <td class="specs-value fk-data">Casual</td> </tr> <tr class=""> <td class="specs-key">Material</td> <td class="specs-value fk-data">Jute</td> </tr> <tr class=""> <td class="specs-key">Style Code</td> <td class="specs-value fk-data">BBJ059</td> </tr> <tr class=""> <td class="specs-key">Color Code</td> <td class="specs-value fk-data">Pink</td> </tr> </table> <table cellspacing="0" class="fk-specs-type2"> <tr> <th class="group-head" colspan="2">Body Features</th> </tr> <tr class=""> <td class="specs-key">Bag Design</td> <td class="specs-value fk-data">Polka Dots</td> </tr> </table> <table cellspacing="0" class="fk-specs-type2"> <tr> <th class="group-head" colspan="2">Dimensions</th> </tr> <tr class=""> <td class="specs-key">Width</td> <td class="specs-value fk-data">279.4 mm</td> </tr> <tr class=""> <td class="specs-key">Height</td> <td class="specs-value fk-data">355.6 mm</td> </tr> </table> </div>,11:03:2014,None
LSTHMBDB5JANSQHMWRTJUX6F7,Earthen Me Hand-held Bag,http://www.flipkart.com/lifestyle/bags-wallets-belts/women?otracker=hp_nmenu_sub_women_0_Bags%2C%20Belts%20and%20wallets,Rs. 400,Bags  Belts and wallets,Handbags,Earthen Me,http://img6a.flixcart.com/image/hand-messenger-bag/w/r/t/bbj054-earthen-me-hand-bag-400x400-imadfw76zjyhma4k.jpeg,Rs. 500,White,women,http://www.flipkart.com/earthen-me-hand-held-bag/p/itmdb5jahfmrdck5?pid=HMBDB5JANSQHMWRT&srno=b_8&ref=fb6c49b9-9f27-4724-ac45-79faafe941b6,WS Retail,Earthen Me Hand-held Bag White - Price in India | Flipkart.com,Flipkart.com: Buy Earthen Me Hand-held Bag for Rs. 400 from Flipkart.com. Only Genuine Products. 30 Day Replacement Guarantee. Free Shipping. Cash On,[],<div class="item_left_column" id="description"> <h3 class="item_desc_title fk-uppercase">Earthen Me Hand-held Bag (White)         Price: Rs.400</h3> <div class="cls"></div> <div class="item_desc_text line"> <div style="float:right"> </div> <h3><b> Key Features </b></h3> <div class="line bmargin10"> <ul class="feature_bullet"> <li><span>Hand Bag</span></li><li><span>Ideal for Women</span></li><li><span>Made of Jute</span></li><li><span>2 Pocket</span></li> </ul> </div> <p style="text-align: justify;">   Take pride in setting an eco-friendly style statement with this Earthen Me Hand Bag – For Women. This well-designed satchel is <strong>made of jute</strong> and hence facilitates sturdy and rigid hold to all the essentials you require while you are set for the day. Crafted with smooth and spacious interiors  this <strong>Earthen Me Hand Bag – For Women is equipped with two pockets </strong> thereby permitting you to settle your belongings in order of priority and allowing you to obtain instant access to the basic items while use. This handcrafted bag also consists of an inner zippered pocket and a mobile pocket  adding to the convenience. Measuring 342.9 x 406.4 mm in dimension  this Earthen Me Hand Bag – For Women is <strong>lightweight </strong>and hence is an effortlessly portable fashion accessory. Besides this  the <strong>long handle</strong> in the bag allows for hassle-free carry. You can pair this bag with trendy cotton trousers and a black tee  to sport that captivating look.</p> </div> <div style="clear: both;"></div> </div>,<div class="item_left_column" id="specifications"> <h3 class="item_desc_title fk-uppercase">         Specifications of Earthen Me Hand-held Bag (White)    </h3> <table cellspacing="0" class="fk-specs-type2"> <tr> <th class="group-head" colspan="2">General</th> </tr> <tr class=""> <td class="specs-key">Type</td> <td class="specs-value fk-data">Hand-held Bag</td> </tr> <tr class=""> <td class="specs-key">Ideal For</td> <td class="specs-value fk-data">Women</td> </tr> <tr class=""> <td class="specs-key">Material</td> <td class="specs-value fk-data">Jute</td> </tr> <tr class=""> <td class="specs-key">Style Code</td> <td class="specs-value fk-data">BBJ054</td> </tr> <tr class=""> <td class="specs-key">Color Code</td> <td class="specs-value fk-data">White</td> </tr> </table> <table cellspacing="0" class="fk-specs-type2"> <tr> <th class="group-head" colspan="2">Body Features</th> </tr> <tr class=""> <td class="specs-key">Number of Pockets</td> <td class="specs-value fk-data">2</td> </tr> <tr class=""> <td class="specs-key">Other Body Features</td> <td class="specs-value fk-data">Long Handle  Inside Zipper Pocket  Mobile Pocket  Handcrafted</td> </tr> </table> <table cellspacing="0" class="fk-specs-type2"> <tr> <th class="group-head" colspan="2">Additional Features</th> </tr> <tr class=""> <td class="specs-key"> </td> <td class="specs-value fk-data">Spacious  Eco Friendly Bag</td> </tr> </table> <table cellspacing="0" class="fk-specs-type2"> <tr> <th class="group-head" colspan="2">Dimensions</th> </tr> <tr class=""> <td class="specs-key">Width</td> <td class="specs-value fk-data">342.9 mm</td> </tr> <tr class=""> <td class="specs-key">Height</td> <td class="specs-value fk-data">406.4 mm</td> </tr> </table> </div>,11:03:2014,None
LSTHMBDB5JANFVUFUF4ZDU59W,Earthen Me Hand-held Bag,http://www.flipkart.com/lifestyle/bags-wallets-belts/women?otracker=hp_nmenu_sub_women_0_Bags%2C%20Belts%20and%20wallets,Rs. 359,Bags  Belts and wallets,Handbags,Earthen Me,http://img5a.flixcart.com/image/hand-messenger-bag/u/f/4/bbj049-earthen-me-hand-bag-400x400-imadm4w97dndgzum.jpeg,Rs. 449,Maroon,women,http://www.flipkart.com/earthen-me-hand-held-bag/p/itmdb5janfvufuf4?pid=HMBDB5JANFVUFUF4&srno=b_4&ref=fb6c49b9-9f27-4724-ac45-79faafe941b6,WS Retail,Earthen Me Hand-held Bag Maroon - Price in India | Flipkart.com,Flipkart.com: Buy Earthen Me Hand-held Bag for Rs. 359 from Flipkart.com. Only Genuine Products. 30 Day Replacement Guarantee. Free Shipping. Cash On,[],<div class="item_left_column" id="description"> <h3 class="item_desc_title fk-uppercase">Earthen Me Hand-held Bag (Maroon)         Price: Rs.359</h3> <div class="cls"></div> <div class="item_desc_text line"> <div style="float:right"> </div> <h3><b> Key Features </b></h3> <div class="line bmargin10"> <ul class="feature_bullet"> <li><span>Hand Bag</span></li><li><span>Ideal for Women</span></li><li><span>Made of Jute</span></li><li><span>1 Pocket</span></li> </ul> </div> <p style="text-align: justify;">   Retro-styled bags are back in town and come as a classic addition to your everyday wardrobe. This Earthen Me Hand Bag – For Women is designed with simplicity and authenticity  making it a covetable add-on to your collection. This bag is <strong>made of jute</strong> and hence ensures secure and firm support to all the possessions you require for the day. Made for the fashion savvy women of today  this Earthen Me Hand Bag – For Women is a perfect accessory for all your casual endeavors. The <strong>spacious interiors of this handcrafted bag</strong> are equipped with one inner zippered pocket  thereby accommodating pretty much everything you intend to stash while you are set to go on extensive outdoor trips. This Earthen Me Hand Bag – For Women measures 457.2 x 330.2 mm in dimension  is lightweight and effortless to haul along while use. In addition to this  the long handle in this satchel facilitates easy portability on the go. Besides offering optimum convenience  this <strong>Earthen Me Hand Bag – For Women is also eco-friendly</strong>  letting you stay green anywhere  anytime.</p> </div> <div style="clear: both;"></div> </div>,<div class="item_left_column" id="specifications"> <h3 class="item_desc_title fk-uppercase">         Specifications of Earthen Me Hand-held Bag (Maroon)    </h3> <table cellspacing="0" class="fk-specs-type2"> <tr> <th class="group-head" colspan="2">General</th> </tr> <tr class=""> <td class="specs-key">Type</td> <td class="specs-value fk-data">Hand-held Bag</td> </tr> <tr class=""> <td class="specs-key">Ideal For</td> <td class="specs-value fk-data">Women</td> </tr> <tr class=""> <td class="specs-key">Material</td> <td class="specs-value fk-data">Jute</td> </tr> <tr class=""> <td class="specs-key">Style Code</td> <td class="specs-value fk-data">BBJ049</td> </tr> <tr class=""> <td class="specs-key">Color Code</td> <td class="specs-value fk-data">Maroon</td> </tr> </table> <table cellspacing="0" class="fk-specs-type2"> <tr> <th class="group-head" colspan="2">Body Features</th> </tr> <tr class=""> <td class="specs-key">Number of Pockets</td> <td class="specs-value fk-data">1</td> </tr> <tr class=""> <td class="specs-key">Other Body Features</td> <td class="specs-value fk-data">Long Handle  Inside Zipper Pocket  Handcrafted</td> </tr> </table> <table cellspacing="0" class="fk-specs-type2"> <tr> <th class="group-head" colspan="2">Additional Features</th> </tr> <tr class=""> <td class="specs-key"> </td> <td class="specs-value fk-data">Spacious  Eco Friendly Bag</td> </tr> </table> <table cellspacing="0" class="fk-specs-type2"> <tr> <th class="group-head" colspan="2">Dimensions</th> </tr> <tr class=""> <td class="specs-key">Width</td> <td class="specs-value fk-data">457.2 mm</td> </tr> <tr class=""> <td class="specs-key">Height</td> <td class="specs-value fk-data">330.2 mm</td> </tr> </table> </div>,11:03:2014,None
LSTHMBDBSKDTKKN6CARW24RMK,Earthen Me Fashion Jute Hand-held Bag,http://www.flipkart.com/lifestyle/bags-wallets-belts/women?otracker=hp_nmenu_sub_women_0_Bags%2C%20Belts%20and%20wallets,Rs. 360,Bags  Belts and wallets,Handbags,Earthen Me,http://img6a.flixcart.com/image/hand-messenger-bag/c/a/r/bbj059-g-earthen-me-hand-bag-fashion-jute-400x400-imads7rkdsgmxgda.jpeg,Rs. 450,Green,women,http://www.flipkart.com/earthen-me-fashion-jute-hand-held-bag/p/itmdbskdtkkn6car?pid=HMBDBSKDTKKN6CAR&srno=b_10&ref=fb6c49b9-9f27-4724-ac45-79faafe941b6,WS Retail,Earthen Me Fashion Jute Hand-held Bag Green - Price in India | Flipkart.com,Flipkart.com: Buy Earthen Me Fashion Jute Hand-held Bag for Rs. 360 from Flipkart.com. Only Genuine Products. 30 Day Replacement Guarantee. Free Shipping. Cash On,[],<div class="item_left_column" id="description"> <h3 class="item_desc_title fk-uppercase">Earthen Me Fashion Jute Hand-held Bag (Green)         Price: Rs.360</h3> <div class="cls"></div> <div class="item_desc_text line"> <div style="float:right"> </div> <h3><b> Key Features </b></h3> <div class="line bmargin10"> <ul class="feature_bullet"> <li><span>Hand Bag</span></li><li><span>Ideal for Women</span></li><li><span>Polka Dots Design</span></li> </ul> </div> <p style="text-align: justify; ">   Accessorize yourself with this retro-styled Earthen Me Fashion Jute Hand Bag to sport that classic and flawless look from the seventies. Exclusively designed for women  this satchel comes as a perfect accessory for all your casual outings. The compact and sturdy finish of the handbag holds all your nitty-gritties safe and secure. This <strong>chic Earthen Me Fashion Jute Hand Bag – For Women</strong> comes with the polka dotted design which is back in trend this season. Designed with generous interiors  this handbag can accommodate all your inevitable everyday essentials without any hassle. You could stash your books  files  umbrella  make-up kit and other such items in order of priority in these roomy interiors. Adding to the convenience  this Earthen Me Fashion Jute Hand Bag – For Women is <strong>equipped with stylish double handles</strong> that promote hassle-free and comfortable portability while you are on the move. Measuring 279.4 x 355.6 mm in dimension  this handbag is <strong>lightweight</strong> and hence is easy to haul along. You could pair this stylish satchel with a white ruffled top  a black printed skirt and wedge shoes.</p> </div> <div style="clear: both;"></div> </div>,<div class="item_left_column" id="specifications"> <h3 class="item_desc_title fk-uppercase">         Specifications of Earthen Me Fashion Jute Hand-held Bag (Green)    </h3> <table cellspacing="0" class="fk-specs-type2"> <tr> <th class="group-head" colspan="2">General</th> </tr> <tr class=""> <td class="specs-key">Type</td> <td class="specs-value fk-data">Hand-held Bag</td> </tr> <tr class=""> <td class="specs-key">Ideal For</td> <td class="specs-value fk-data">Women</td> </tr> <tr class=""> <td class="specs-key">Occasion</td> <td class="specs-value fk-data">Casual</td> </tr> <tr class=""> <td class="specs-key">Material</td> <td class="specs-value fk-data">Jute</td> </tr> <tr class=""> <td class="specs-key">Style Code</td> <td class="specs-value fk-data">BBJ059 G</td> </tr> <tr class=""> <td class="specs-key">Color Code</td> <td class="specs-value fk-data">Green</td> </tr> </table> <table cellspacing="0" class="fk-specs-type2"> <tr> <th class="group-head" colspan="2">Body Features</th> </tr> <tr class=""> <td class="specs-key">Bag Design</td> <td class="specs-value fk-data">Polka Dots</td> </tr> </table> <table cellspacing="0" class="fk-specs-type2"> <tr> <th class="group-head" colspan="2">Dimensions</th> </tr> <tr class=""> <td class="specs-key">Width</td> <td class="specs-value fk-data">279.4 mm</td> </tr> <tr class=""> <td class="specs-key">Height</td> <td class="specs-value fk-data">355.6 mm</td> </tr> </table> </div>,11:03:2014,None
LSTHMBDBSKDUW4ZRAZHGL75WW,Earthen Me Fashion Jute Hand-held Bag,http://www.flipkart.com/lifestyle/bags-wallets-belts/women?otracker=hp_nmenu_sub_women_0_Bags%2C%20Belts%20and%20wallets,Rs. 360,Bags  Belts and wallets,Handbags,Earthen Me,http://img6a.flixcart.com/image/hand-messenger-bag/a/z/h/bbj059-bl-earthen-me-hand-bag-fashion-jute-400x400-imads7rkeybs8ws3.jpeg,Rs. 450,Blue,women,http://www.flipkart.com/earthen-me-fashion-jute-hand-held-bag/p/itmdbskduw4zrazh?pid=HMBDBSKDUW4ZRAZH&srno=b_12&ref=fb6c49b9-9f27-4724-ac45-79faafe941b6,WS Retail,Earthen Me Fashion Jute Hand-held Bag Blue - Price in India | Flipkart.com,Flipkart.com: Buy Earthen Me Fashion Jute Hand-held Bag for Rs. 360 from Flipkart.com. Only Genuine Products. 30 Day Replacement Guarantee. Free Shipping. Cash On,[],<div class="item_left_column" id="description"> <h3 class="item_desc_title fk-uppercase">Earthen Me Fashion Jute Hand-held Bag (Blue)         Price: Rs.360</h3> <div class="cls"></div> <div class="item_desc_text line"> <div style="float:right"> </div> <h3><b> Key Features </b></h3> <div class="line bmargin10"> <ul class="feature_bullet"> <li><span>Hand Bag</span></li><li><span>Ideal for Women</span></li><li><span>Polka Dots Design</span></li> </ul> </div> <p style="text-align: justify;">   It is a retro-styled theme party and you have the perfect attire for the occasion. But you are on the lookout for that perfect satchel to complete your look  this Earthen Me Fashion Jute Hand Bag – For Women could be the ideal pick for you. This satchel is <strong>crafted with a sturdy finish </strong>and hence makes sure all your possessions obtain a sturdy hold. One of the highlights of this handbag is its trendy polka-dotted design that makes you look chic and voguish. Equipped with <strong>capacious interiors  this Earthen Me Fashion Jute Hand Bag – For Women</strong> can hold all your nitty-gritties like bills  keys  mobile phone  perfume  scarf  make-up kit  munchies and much more without any hassle. You could also segregate these essentials in order of priority.</p> <p style="text-align: justify;">   In addition to this  the bag is furnished with <strong>stylish and strong double handles</strong> that make provision for comfortable and hassle-free portability. Measuring 279.4 x 355.6 mm in dimension  this Earthen Me Fashion Jute Hand Bag – For Women is <strong>lightweight </strong>and is easy to carry along while you are on the move. You could club this bag with shorts  a casual top and flats to look smart.</p> </div> <div style="clear: both;"></div> </div>,<div class="item_left_column" id="specifications"> <h3 class="item_desc_title fk-uppercase">         Specifications of Earthen Me Fashion Jute Hand-held Bag (Blue)    </h3> <table cellspacing="0" class="fk-specs-type2"> <tr> <th class="group-head" colspan="2">General</th> </tr> <tr class=""> <td class="specs-key">Type</td> <td class="specs-value fk-data">Hand-held Bag</td> </tr> <tr class=""> <td class="specs-key">Ideal For</td> <td class="specs-value fk-data">Women</td> </tr> <tr class=""> <td class="specs-key">Occasion</td> <td class="specs-value fk-data">Casual</td> </tr> <tr class=""> <td class="specs-key">Material</td> <td class="specs-value fk-data">Jute</td> </tr> <tr class=""> <td class="specs-key">Style Code</td> <td class="specs-value fk-data">BBJ059 Bl</td> </tr> <tr class=""> <td class="specs-key">Color Code</td> <td class="specs-value fk-data">Blue</td> </tr> </table> <table cellspacing="0" class="fk-specs-type2"> <tr> <th class="group-head" colspan="2">Body Features</th> </tr> <tr class=""> <td class="specs-key">Bag Design</td> <td class="specs-value fk-data">Polka Dots</td> </tr> </table> <table cellspacing="0" class="fk-specs-type2"> <tr> <th class="group-head" colspan="2">Dimensions</th> </tr> <tr class=""> <td class="specs-key">Width</td> <td class="specs-value fk-data">279.4 mm</td> </tr> <tr class=""> <td class="specs-key">Height</td> <td class="specs-value fk-data">355.6 mm</td> </tr> </table> </div>,11:03:2014,None
LSTHMBDQ9HBYMYGWDU92JM3F8,Earthen Me Shoulder Bag,http://www.flipkart.com/lifestyle/bags-wallets-belts/women?otracker=hp_nmenu_sub_women_0_Bags%2C%20Belts%20and%20wallets,Rs. 559,Bags  Belts and wallets,Handbags,Earthen Me,http://img6a.flixcart.com/image/hand-messenger-bag/d/u/9/bbjc001-white-earthen-me-messenger-bag-400x400-imadqcvrzzchfzqc.jpeg,Rs. 799,Pink  White,women,http://www.flipkart.com/earthen-me-shoulder-bag/p/itmdqg6rszfxangq?pid=HMBDQ9HBYMYGWDU9&srno=b_14&ref=fb6c49b9-9f27-4724-ac45-79faafe941b6,WS Retail,Earthen Me Shoulder Bag White - Price in India | Flipkart.com,Flipkart.com: Buy Earthen Me Shoulder Bag for Rs. 559 from Flipkart.com. Only Genuine Products. 30 Day Replacement Guarantee. Free Shipping. Cash On,[],<div class="item_left_column" id="description"> <h3 class="item_desc_title fk-uppercase">                 Key Features of Earthen Me Shoulder Bag (White)            </h3> <div class="cls"></div> <div class="item_desc_text"> <ul class="fk-key-features"> <li>Jazz Print Design</li><li>Shoulder Bag</li><li>Zipper Closure</li><li>1 Compartment</li><li>Ideal for Women</li><li>Made of Jute Cotton</li><li>1 Pocket</li> </ul> </div> <div style="clear: both;"></div> </div>,<div class="item_left_column" id="specifications"> <h3 class="item_desc_title fk-uppercase">         Specifications of Earthen Me Shoulder Bag (White)    </h3> <table cellspacing="0" class="fk-specs-type2"> <tr> <th class="group-head" colspan="2">General</th> </tr> <tr class=""> <td class="specs-key">Type</td> <td class="specs-value fk-data">Shoulder Bag</td> </tr> <tr class=""> <td class="specs-key">Ideal For</td> <td class="specs-value fk-data">Women</td> </tr> <tr class=""> <td class="specs-key">Occasion</td> <td class="specs-value fk-data">Casual</td> </tr> <tr class=""> <td class="specs-key">Material</td> <td class="specs-value fk-data">Jute Cotton</td> </tr> <tr class=""> <td class="specs-key">Closure</td> <td class="specs-value fk-data">Zip</td> </tr> <tr class=""> <td class="specs-key">Style Code</td> <td class="specs-value fk-data">BBJC001 White</td> </tr> <tr class=""> <td class="specs-key">Color Code</td> <td class="specs-value fk-data">White</td> </tr> </table> <table cellspacing="0" class="fk-specs-type2"> <tr> <th class="group-head" colspan="2">Body Features</th> </tr> <tr class=""> <td class="specs-key">Number of Pockets</td> <td class="specs-value fk-data">1</td> </tr> <tr class=""> <td class="specs-key">Number of Compartments</td> <td class="specs-value fk-data">1</td> </tr> <tr class=""> <td class="specs-key">Bag Design</td> <td class="specs-value fk-data">Jazz Print</td> </tr> <tr class=""> <td class="specs-key">Other Body Features</td> <td class="specs-value fk-data">Inside Pocket</td> </tr> </table> <table cellspacing="0" class="fk-specs-type2"> <tr> <th class="group-head" colspan="2">Additional Features</th> </tr> <tr class=""> <td class="specs-key"> </td> <td class="specs-value fk-data">Eco-friendly</td> </tr> </table> <table cellspacing="0" class="fk-specs-type2"> <tr> <th class="group-head" colspan="2">Dimensions</th> </tr> <tr class=""> <td class="specs-key">Width</td> <td class="specs-value fk-data">393.7 mm</td> </tr> <tr class=""> <td class="specs-key">Height</td> <td class="specs-value fk-data">304.8 mm</td> </tr> <tr class=""> <td class="specs-key">Weight</td> <td class="specs-value fk-data">250 g</td> </tr> </table> </div>,11:03:2014,None
LSTHMBDQ9HBFQKBHUCHNP983F,Earthen Me Shoulder Bag,http://www.flipkart.com/lifestyle/bags-wallets-belts/women?otracker=hp_nmenu_sub_women_0_Bags%2C%20Belts%20and%20wallets,Rs. 979,Bags  Belts and wallets,Handbags,Earthen Me,http://img6a.flixcart.com/image/hand-messenger-bag/u/c/h/hbjc002-cream-earthen-me-messenger-bag-400x400-imadqcvnf5az8rh9.jpeg,Rs. 1399,Brown  Cream,women,http://www.flipkart.com/earthen-me-shoulder-bag/p/itmdqg6rhhvkwagk?pid=HMBDQ9HBFQKBHUCH&srno=b_18&ref=69af4b17-7c19-48f0-a348-eb1003adc0f3,WS Retail,Earthen Me Shoulder Bag Cream - Price in India | Flipkart.com,Flipkart.com: Buy Earthen Me Shoulder Bag for Rs. 979 from Flipkart.com. Only Genuine Products. 30 Day Replacement Guarantee. Free Shipping. Cash On,[],<div class="item_left_column" id="description"> <h3 class="item_desc_title fk-uppercase">                 Key Features of Earthen Me Shoulder Bag (Cream)            </h3> <div class="cls"></div> <div class="item_desc_text"> <ul class="fk-key-features"> <li>Snap Button Closure</li><li>Shoulder Bag</li><li>3 Pockets</li><li>1 Compartment</li><li>Ideal for Women</li><li>Made of Jute Cotton and PU Leather</li> </ul> </div> <div style="clear: both;"></div> </div>,<div class="item_left_column" id="specifications"> <h3 class="item_desc_title fk-uppercase">         Specifications of Earthen Me Shoulder Bag (Cream)    </h3> <table cellspacing="0" class="fk-specs-type2"> <tr> <th class="group-head" colspan="2">General</th> </tr> <tr class=""> <td class="specs-key">Type</td> <td class="specs-value fk-data">Shoulder Bag</td> </tr> <tr class=""> <td class="specs-key">Ideal For</td> <td class="specs-value fk-data">Women</td> </tr> <tr class=""> <td class="specs-key">Occasion</td> <td class="specs-value fk-data">Casual</td> </tr> <tr class=""> <td class="specs-key">Material</td> <td class="specs-value fk-data">Jute Cotton and PU Leather</td> </tr> <tr class=""> <td class="specs-key">Closure</td> <td class="specs-value fk-data">Snap Button</td> </tr> <tr class=""> <td class="specs-key">Style Code</td> <td class="specs-value fk-data">HBJC002 Cream</td> </tr> <tr class=""> <td class="specs-key">Color Code</td> <td class="specs-value fk-data">Cream</td> </tr> </table> <table cellspacing="0" class="fk-specs-type2"> <tr> <th class="group-head" colspan="2">Body Features</th> </tr> <tr class=""> <td class="specs-key">Number of Pockets</td> <td class="specs-value fk-data">3</td> </tr> <tr class=""> <td class="specs-key">Number of Compartments</td> <td class="specs-value fk-data">1</td> </tr> <tr class=""> <td class="specs-key">Other Body Features</td> <td class="specs-value fk-data">Dual Handle  Inside Pockets</td> </tr> </table> <table cellspacing="0" class="fk-specs-type2"> <tr> <th class="group-head" colspan="2">Additional Features</th> </tr> <tr class=""> <td class="specs-key"> </td> <td class="specs-value fk-data">Eco-friendly</td> </tr> </table> <table cellspacing="0" class="fk-specs-type2"> <tr> <th class="group-head" colspan="2">Dimensions</th> </tr> <tr class=""> <td class="specs-key">Width</td> <td class="specs-value fk-data">406.4 mm</td> </tr> <tr class=""> <td class="specs-key">Height</td> <td class="specs-value fk-data">317.5 mm</td> </tr> <tr class=""> <td class="specs-key">Weight</td> <td class="specs-value fk-data">250 g</td> </tr> </table> </div>,11:03:2014,None
LSTHMBDTHHMARGAWXP7YLEQ4G,Earthen Me Jute With Polka Dots Shoulder Bag,http://www.flipkart.com/lifestyle/bags-wallets-belts/women?otracker=hp_nmenu_sub_women_0_Bags%2C%20Belts%20and%20wallets,Rs. 449,Bags  Belts and wallets,Handbags,Earthen Me,http://img5a.flixcart.com/image/hand-messenger-bag/x/p/7/bbj059-black-earthen-me-shoulder-bag-jute-with-polka-dots-400x400-imadthmy5g2zsfw6.jpeg,Rs. 449,Black,women,http://www.flipkart.com/earthen-me-jute-polka-dots-shoulder-bag/p/itmdthhmfpmap2h4?pid=HMBDTHHMARGAWXP7&srno=b_19&ref=69af4b17-7c19-48f0-a348-eb1003adc0f3,Fashionara,Earthen Me Jute With Polka Dots Shoulder Bag Black - Price in India | Flipkart.com,Flipkart.com: Buy Earthen Me Jute With Polka Dots Shoulder Bag for Rs. 449 from Flipkart.com. Only Genuine Products. 30 Day Replacement Guarantee. Free Shipping. Cash On,[],<div class="item_left_column" id="description"> <h3 class="item_desc_title fk-uppercase">Earthen Me Jute With Polka Dots Shoulder Bag (Black)         Price: Rs.449</h3> <div class="cls"></div> <div class="item_desc_text line"> <div style="float:right"> </div>                         This jute bag is not just eco friendly but also easy on the eyes. Carry this bag with smooth shoulder handles and spacious compartment for your shopping sprees and forgo plastic bags. Team this with any outfit for a fun contrasting colour blocked look.        </div> <div style="clear: both;"></div> </div>,<div class="item_left_column" id="specifications"> <h3 class="item_desc_title fk-uppercase">         Specifications of Earthen Me Jute With Polka Dots Shoulder Bag (Black)    </h3> <table cellspacing="0" class="fk-specs-type2"> <tr> <th class="group-head" colspan="2">General</th> </tr> <tr class=""> <td class="specs-key">Type</td> <td class="specs-value fk-data">Shoulder Bag</td> </tr> <tr class=""> <td class="specs-key">Ideal For</td> <td class="specs-value fk-data">Women</td> </tr> <tr class=""> <td class="specs-key">Material</td> <td class="specs-value fk-data">Jute</td> </tr> <tr class=""> <td class="specs-key">Style Code</td> <td class="specs-value fk-data">BBJ059 Black</td> </tr> <tr class=""> <td class="specs-key">Color Code</td> <td class="specs-value fk-data">Black</td> </tr> </table> <table cellspacing="0" class="fk-specs-type2"> <tr> <th class="group-head" colspan="2">Body Features</th> </tr> <tr class=""> <td class="specs-key">Number of Compartments</td> <td class="specs-value fk-data">4</td> </tr> </table> </div>,11:03:2014,None
LSTHMBDTHHMRRVBFGZRALQD1B,Earthen Me Mixed Emotions Jute Bag Shoulder Bag,http://www.flipkart.com/lifestyle/bags-wallets-belts/women?otracker=hp_nmenu_sub_women_0_Bags%2C%20Belts%20and%20wallets,Rs. 599,Bags  Belts and wallets,Handbags,Earthen Me,http://img6a.flixcart.com/image/hand-messenger-bag/g/z/r/bbj054-nat-earthen-me-shoulder-bag-mixed-emotions-jute-bag-400x400-imadthhycqtvxf9u.jpeg,Rs. 599,Brown,women,http://www.flipkart.com/earthen-me-mixed-emotions-jute-bag-shoulder/p/itmdthhmes62mgza?pid=HMBDTHHMRRVBFGZR&srno=b_22&ref=69af4b17-7c19-48f0-a348-eb1003adc0f3,Fashionara,Earthen Me Mixed Emotions Jute Bag Shoulder Bag Natural - Price in India | Flipkart.com,Flipkart.com: Buy Earthen Me Mixed Emotions Jute Bag Shoulder Bag for Rs. 599 from Flipkart.com. Only Genuine Products. 30 Day Replacement Guarantee. Free Shipping. Cash On,[],<div class="item_left_column" id="description"> <h3 class="item_desc_title fk-uppercase">Earthen Me Mixed Emotions Jute Bag Shoulder Bag (Natural)         Price: Rs.599</h3> <div class="cls"></div> <div class="item_desc_text line"> <div style="float:right"> </div>                         An eco- friendly and trendy jute bag for your shopping sprees or casual outings. Emoticons print on front and vibrant handles makes it extremely stylish. It features - Smooth Shoulder handles  Zipper closure  1 Zipper pocket inside  Copious Space  Strong enough to carry 15-16 kgs of weight.        </div> <div style="clear: both;"></div> </div>,<div class="item_left_column" id="specifications"> <h3 class="item_desc_title fk-uppercase">         Specifications of Earthen Me Mixed Emotions Jute Bag Shoulder Bag (Natural)    </h3> <table cellspacing="0" class="fk-specs-type2"> <tr> <th class="group-head" colspan="2">General</th> </tr> <tr class=""> <td class="specs-key">Type</td> <td class="specs-value fk-data">Shoulder Bag</td> </tr> <tr class=""> <td class="specs-key">Ideal For</td> <td class="specs-value fk-data">Women</td> </tr> <tr class=""> <td class="specs-key">Material</td> <td class="specs-value fk-data">Jute</td> </tr> <tr class=""> <td class="specs-key">Style Code</td> <td class="specs-value fk-data">BBJ054 Nat</td> </tr> <tr class=""> <td class="specs-key">Color Code</td> <td class="specs-value fk-data">Natural</td> </tr> </table> <table cellspacing="0" class="fk-specs-type2"> <tr> <th class="group-head" colspan="2">Body Features</th> </tr> <tr class=""> <td class="specs-key">Number of Compartments</td> <td class="specs-value fk-data">3</td> </tr> </table> </div>,11:03:2014,None
LSTHMBDTHHMGAVMTVYJMYGFUP,Earthen Me Beach Fashion Shoulder Bag,http://www.flipkart.com/lifestyle/bags-wallets-belts/women?otracker=hp_nmenu_sub_women_0_Bags%2C%20Belts%20and%20wallets,Rs. 649,Bags  Belts and wallets,Handbags,Earthen Me,http://img6a.flixcart.com/image/hand-messenger-bag/v/y/j/bbj068-pink-earthen-me-shoulder-bag-beach-fashion-400x400-imadthhywqa8uagk.jpeg,Rs. 649,Multi-color,women,http://www.flipkart.com/earthen-me-beach-fashion-shoulder-bag/p/itmdthhm5rzrzfyt?pid=HMBDTHHMGAVMTVYJ&srno=b_20&ref=69af4b17-7c19-48f0-a348-eb1003adc0f3,Fashionara,Earthen Me Beach Fashion Shoulder Bag Multi Colour - Price in India | Flipkart.com,Flipkart.com: Buy Earthen Me Beach Fashion Shoulder Bag for Rs. 649 from Flipkart.com. Only Genuine Products. 30 Day Replacement Guarantee. Free Shipping. Cash On,[],<div class="item_left_column" id="description"> <h3 class="item_desc_title fk-uppercase">Earthen Me Beach Fashion Shoulder Bag (Multi Colour)         Price: Rs.649</h3> <div class="cls"></div> <div class="item_desc_text line"> <div style="float:right"> </div>                         This beach fashion bag is sure to drive attention wherever you go. Vibrant colors  design all adds to it. Carry it the way you want. Whether you are on a holiday or on your shopping spree  this is a must have. The bag is made up of Jute which is a naturally existing fiber and it is grown without the usage of any fertilizers or chemicals. Moreover  the bags are handcrafted therefore minimising the usage of machines. As a result the energy consume in the entire process is very minimal. Compared to plastic or a paper bags  these bags are much stronger and have a higher reusability.        </div> <div style="clear: both;"></div> </div>,<div class="item_left_column" id="specifications"> <h3 class="item_desc_title fk-uppercase">         Specifications of Earthen Me Beach Fashion Shoulder Bag (Multi Colour)    </h3> <table cellspacing="0" class="fk-specs-type2"> <tr> <th class="group-head" colspan="2">General</th> </tr> <tr class=""> <td class="specs-key">Type</td> <td class="specs-value fk-data">Shoulder Bag</td> </tr> <tr class=""> <td class="specs-key">Ideal For</td> <td class="specs-value fk-data">Women</td> </tr> <tr class=""> <td class="specs-key">Material</td> <td class="specs-value fk-data">Jute</td> </tr> <tr class=""> <td class="specs-key">Style Code</td> <td class="specs-value fk-data">BBJ068 Pink</td> </tr> <tr class=""> <td class="specs-key">Color Code</td> <td class="specs-value fk-data">Multi Colour</td> </tr> </table> <table cellspacing="0" class="fk-specs-type2"> <tr> <th class="group-head" colspan="2">Body Features</th> </tr> <tr class=""> <td class="specs-key">Number of Compartments</td> <td class="specs-value fk-data">3</td> </tr> </table> </div>,11:03:2014,None
LSTHMBDBSKDAH3FHWNZDBO1IG,Earthen Me Beach Fashion Jute Hand-held Bag,http://www.flipkart.com/lifestyle/bags-wallets-belts/women?otracker=hp_nmenu_sub_women_0_Bags%2C%20Belts%20and%20wallets,Rs. 480,Bags  Belts and wallets,Handbags,Earthen Me,http://img6a.flixcart.com/image/hand-messenger-bag/w/n/z/bbj068-earthen-me-hand-bag-beach-fashion-jute-400x400-imads7rj9hbq4apw.jpeg,Rs. 600,Multicolor,women,http://www.flipkart.com/earthen-me-beach-fashion-jute-hand-held-bag/p/itmdbskdah3fhwnz?pid=HMBDBSKDAH3FHWNZ&srno=b_7&ref=fb6c49b9-9f27-4724-ac45-79faafe941b6,WS Retail,Earthen Me Beach Fashion Jute Hand-held Bag Multi-colored - Price in India | Flipkart.com,Flipkart.com: Buy Earthen Me Beach Fashion Jute Hand-held Bag for Rs. 480 from Flipkart.com. Only Genuine Products. 30 Day Replacement Guarantee. Free Shipping. Cash On,[],<div class="item_left_column" id="description"> <h3 class="item_desc_title fk-uppercase">Earthen Me Beach Fashion Jute Hand-held Bag (Multi-colored)         Price: Rs.480</h3> <div class="cls"></div> <div class="item_desc_text line"> <div style="float:right"> </div> <h3><b> Key Features </b></h3> <div class="line bmargin10"> <ul class="feature_bullet"> <li><span>Hand Bag</span></li><li><span>Ideal for Women</span></li> </ul> </div> <p style="text-align: justify;">   If you are on the lookout for a perfect beach bag that is full of life and colorful hues  then this Earthen Me Beach Fashion Jute Hand Bag – For Women could be the right pick for you. <strong>Made of jute  </strong>this satchel makes sure all your possessions are encased securely while you are on the move. Designed with compact yet capacious interiors  this <strong>Earthen Me Beach Fashion Jute Hand Bag – For Women</strong> makes sufficient space for you to stash all that you need to carry along outdoors. These interiors also allow for an orderly segregation of your nitty-gritties. Measuring 279.4 x 431.8 mm in dimension  this handbag is <strong>lightweight</strong> and hence is effortlessly portable while use. Additionally  the <strong>sleek double handles</strong> make provision for simple  effortless and hassle-free carry. You could club this Earthen Me Beach Fashion Jute Hand Bag – For Women with trendy cotton shorts and a casual sleeveless tank top with flip flops.</p> </div> <div style="clear: both;"></div> </div>,<div class="item_left_column" id="specifications"> <h3 class="item_desc_title fk-uppercase">         Specifications of Earthen Me Beach Fashion Jute Hand-held Bag (Multi-colored)    </h3> <table cellspacing="0" class="fk-specs-type2"> <tr> <th class="group-head" colspan="2">General</th> </tr> <tr class=""> <td class="specs-key">Type</td> <td class="specs-value fk-data">Hand-held Bag</td> </tr> <tr class=""> <td class="specs-key">Ideal For</td> <td class="specs-value fk-data">Women</td> </tr> <tr class=""> <td class="specs-key">Occasion</td> <td class="specs-value fk-data">Casual</td> </tr> <tr class=""> <td class="specs-key">Style Code</td> <td class="specs-value fk-data">BBJ068</td> </tr> <tr class=""> <td class="specs-key">Color Code</td> <td class="specs-value fk-data">Multi-colored</td> </tr> </table> <table cellspacing="0" class="fk-specs-type2"> <tr> <th class="group-head" colspan="2">Dimensions</th> </tr> <tr class=""> <td class="specs-key">Width</td> <td class="specs-value fk-data">279.4 mm</td> </tr> <tr class=""> <td class="specs-key">Height</td> <td class="specs-value fk-data">431.8 mm</td> </tr> </table> </div>,11:03:2014,None
LSTHMBDB5JAHV9VNQ8BDHIQXW,Earthen Me Hand-held Bag,http://www.flipkart.com/lifestyle/bags-wallets-belts/women?otracker=hp_nmenu_sub_women_0_Bags%2C%20Belts%20and%20wallets,Rs. 359,Bags  Belts and wallets,Handbags,Earthen Me,http://img5a.flixcart.com/image/hand-messenger-bag/q/8/b/bbj047-earthen-me-hand-bag-400x400-imads7rj8bn9rbcg.jpeg,Rs. 449,Black,women,http://www.flipkart.com/earthen-me-hand-held-bag/p/itmdb5jahv9vnq8b?pid=HMBDB5JAHV9VNQ8B&srno=b_3&ref=fb6c49b9-9f27-4724-ac45-79faafe941b6,WS Retail,Earthen Me Hand-held Bag Green - Price in India | Flipkart.com,Flipkart.com: Buy Earthen Me Hand-held Bag for Rs. 359 from Flipkart.com. Only Genuine Products. 30 Day Replacement Guarantee. Free Shipping. Cash On,[],<div class="item_left_column" id="description"> <h3 class="item_desc_title fk-uppercase">Earthen Me Hand-held Bag (Green)         Price: Rs.359</h3> <div class="cls"></div> <div class="item_desc_text line"> <div style="float:right"> </div> <h3><b> Key Features </b></h3> <div class="line bmargin10"> <ul class="feature_bullet"> <li><span>Hand Bag</span></li><li><span>Ideal for Women</span></li><li><span>Made of Jute</span></li><li><span>1 Pocket</span></li> </ul> </div> <p style="text-align: justify;">   The latest slogan of going green has undoubtedly inspired millions to take the eco-friendly route to a healthier and safe lifestyle. This Earthen Me Hand Bag – For Women adds a splash of color to your wardrobe and lets you sport a simple yet trendy look. <strong>Made of jute </strong> this bag ensures a secure and firm hold on the possessions you require for the day. Besides this  the bag is also inbuilt with capacious interiors that are <strong>equipped with one pocket </strong> thereby allowing for a well-organized placement of the basic essentials. This hand-crafted satchel also comes with a long handle for convenient portability while use. Furthermore  this <strong>Earthen Me Hand Bag – For Women </strong>measures 419.1 x 368.3 mm in dimension  is lightweight and effortless to carry. Created with a fusion of style and comfort  this spacious handbag also comes with an inner zippered pocket. You can pair this bag with a casual pair of jean or a trendy cotton shorts to sport a smart look.</p> </div> <div style="clear: both;"></div> </div>,<div class="item_left_column" id="specifications"> <h3 class="item_desc_title fk-uppercase">         Specifications of Earthen Me Hand-held Bag (Green)    </h3> <table cellspacing="0" class="fk-specs-type2"> <tr> <th class="group-head" colspan="2">General</th> </tr> <tr class=""> <td class="specs-key">Type</td> <td class="specs-value fk-data">Hand-held Bag</td> </tr> <tr class=""> <td class="specs-key">Ideal For</td> <td class="specs-value fk-data">Women</td> </tr> <tr class=""> <td class="specs-key">Material</td> <td class="specs-value fk-data">Jute</td> </tr> <tr class=""> <td class="specs-key">Style Code</td> <td class="specs-value fk-data">BBJ047</td> </tr> <tr class=""> <td class="specs-key">Color Code</td> <td class="specs-value fk-data">Green</td> </tr> </table> <table cellspacing="0" class="fk-specs-type2"> <tr> <th class="group-head" colspan="2">Body Features</th> </tr> <tr class=""> <td class="specs-key">Number of Pockets</td> <td class="specs-value fk-data">1</td> </tr> <tr class=""> <td class="specs-key">Other Body Features</td> <td class="specs-value fk-data">Long Handle  Inside Zipper Pocket  Handcrafted</td> </tr> </table> <table cellspacing="0" class="fk-specs-type2"> <tr> <th class="group-head" colspan="2">Additional Features</th> </tr> <tr class=""> <td class="specs-key"> </td> <td class="specs-value fk-data">Spacious  Eco Friendly Bag</td> </tr> </table> <table cellspacing="0" class="fk-specs-type2"> <tr> <th class="group-head" colspan="2">Dimensions</th> </tr> <tr class=""> <td class="specs-key">Width</td> <td class="specs-value fk-data">419.1 mm</td> </tr> <tr class=""> <td class="specs-key">Height</td> <td class="specs-value fk-data">368.3 mm</td> </tr> </table> </div>,11:03:2014,None
LSTHMBDBSKDG5HXS98YV1GUVQ,Earthen Me Fashion Jute Hand-held Bag,http://www.flipkart.com/lifestyle/bags-wallets-belts/women?otracker=hp_nmenu_sub_women_0_Bags%2C%20Belts%20and%20wallets,Rs. 430,Bags  Belts and wallets,Handbags,Earthen Me,http://img5a.flixcart.com/image/hand-messenger-bag/9/8/y/bbj061-g-earthen-me-hand-bag-fashion-jute-400x400-imadg55wmvjjgqz4.jpeg,Rs. 430,Green,women,http://www.flipkart.com/earthen-me-fashion-jute-hand-held-bag/p/itmdbskdg5hxs98y?pid=HMBDBSKDG5HXS98Y&srno=b_5&ref=fb6c49b9-9f27-4724-ac45-79faafe941b6,Fashionara,Earthen Me Fashion Jute Hand-held Bag Light Green - Price in India | Flipkart.com,Flipkart.com: Buy Earthen Me Fashion Jute Hand-held Bag for Rs. 430 from Flipkart.com. Only Genuine Products. 30 Day Replacement Guarantee. Free Shipping. Cash On,[],<div class="item_left_column" id="description"> <h3 class="item_desc_title fk-uppercase">Earthen Me Fashion Jute Hand-held Bag (Light Green)         Price: Rs.430</h3> <div class="cls"></div> <div class="item_desc_text line"> <div style="float:right"> </div> <h3><b> Key Features </b></h3> <div class="line bmargin10"> <ul class="feature_bullet"> <li><span>Hand Bag</span></li><li><span>Ideal for Women</span></li><li><span>Flower Design</span></li> </ul> </div> <p style="text-align: justify; ">   A chic and compact solution to stash all your inevitable everyday essentials effortlessly is this incredible creation from Earthen Me. <strong>Crafted in jute</strong>  this satchel is sturdy enough to ensure safe and secure support to your nitty-gritties while use. This Earthen Me Fashion Jute Hand Bag – For Women is designed with <strong>roomy interiors</strong> that allow you to settle all your essentials like make-up kit  wallet  mobile phone  bills and other similar items without much difficulty. You could also place your must-haves in order of priority in these generous interiors.</p> <p style="text-align: justify; ">   The one thing that adds elegance and class to this <strong>Earthen Me Fashion Jute Hand Bag – For Women is its exquisite flower design</strong>. Measuring 330.2 x 431.8 mm in dimension  this satchel is lightweight and hence is easy to carry along during your visit outdoors. Additionally  the <strong>stylish handles</strong> of this Earthen Me Fashion Jute Hand Bag – For Women make provision for comfortable portability. Whether you are out on a visit to the art gallery or you are set to go on a casual stroll  this handbag could be the ideal pick for you.</p> </div> <div style="clear: both;"></div> </div>,<div class="item_left_column" id="specifications"> <h3 class="item_desc_title fk-uppercase">         Specifications of Earthen Me Fashion Jute Hand-held Bag (Light Green)    </h3> <table cellspacing="0" class="fk-specs-type2"> <tr> <th class="group-head" colspan="2">General</th> </tr> <tr class=""> <td class="specs-key">Type</td> <td class="specs-value fk-data">Hand-held Bag</td> </tr> <tr class=""> <td class="specs-key">Ideal For</td> <td class="specs-value fk-data">Women</td> </tr> <tr class=""> <td class="specs-key">Occasion</td> <td class="specs-value fk-data">Casual</td> </tr> <tr class=""> <td class="specs-key">Material</td> <td class="specs-value fk-data">Jute</td> </tr> <tr class=""> <td class="specs-key">Style Code</td> <td class="specs-value fk-data">BBJ061 G</td> </tr> <tr class=""> <td class="specs-key">Color Code</td> <td class="specs-value fk-data">Light Green</td> </tr> </table> <table cellspacing="0" class="fk-specs-type2"> <tr> <th class="group-head" colspan="2">Body Features</th> </tr> <tr class=""> <td class="specs-key">Bag Design</td> <td class="specs-value fk-data">Flower</td> </tr> </table> <table cellspacing="0" class="fk-specs-type2"> <tr> <th class="group-head" colspan="2">Dimensions</th> </tr> <tr class=""> <td class="specs-key">Width</td> <td class="specs-value fk-data">330.2 mm</td> </tr> <tr class=""> <td class="specs-key">Height</td> <td class="specs-value fk-data">431.8 mm</td> </tr> </table> </div>,11:03:2014,None
LSTHMBDTHHMNHXRPHBVBD8UGG,Earthen Me Floral Pattern Jute Bag Shoulder Bag,http://www.flipkart.com/lifestyle/bags-wallets-belts/women?otracker=hp_nmenu_sub_women_0_Bags%2C%20Belts%20and%20wallets,Rs. 500,Bags  Belts and wallets,Handbags,Earthen Me,http://img6a.flixcart.com/image/hand-messenger-bag/h/b/v/bbj090-nat-earthen-me-shoulder-bag-floral-pattern-jute-bag-400x400-imadthhz8rnxvetw.jpeg,Rs. 500,Brown,women,http://www.flipkart.com/earthen-me-floral-pattern-jute-bag-shoulder/p/itmdthhmkhnm3z55?pid=HMBDTHHMNHXRPHBV&srno=b_21&ref=69af4b17-7c19-48f0-a348-eb1003adc0f3,Fashionara,Earthen Me Floral Pattern Jute Bag Shoulder Bag Natural - Price in India | Flipkart.com,Flipkart.com: Buy Earthen Me Floral Pattern Jute Bag Shoulder Bag for Rs. 500 from Flipkart.com. Only Genuine Products. 30 Day Replacement Guarantee. Free Shipping. Cash On,[],<div class="item_left_column" id="description"> <h3 class="item_desc_title fk-uppercase">Earthen Me Floral Pattern Jute Bag Shoulder Bag (Natural)         Price: Rs.500</h3> <div class="cls"></div> <div class="item_desc_text line"> <div style="float:right"> </div>                         A trendy jute bag for your casual times. Make heads turn wherever you go with this eco friendly jute bag. The vivid colours  floral print and long handles ensure maximum comfort and style. This jute bag features - Smooth Shoulder handle  Zipper closure  2 Compartments  Copious space. Wear it with Indian wear or with a kurti and jeans combination to exude grace.        </div> <div style="clear: both;"></div> </div>,<div class="item_left_column" id="specifications"> <h3 class="item_desc_title fk-uppercase">         Specifications of Earthen Me Floral Pattern Jute Bag Shoulder Bag (Natural)    </h3> <table cellspacing="0" class="fk-specs-type2"> <tr> <th class="group-head" colspan="2">General</th> </tr> <tr class=""> <td class="specs-key">Type</td> <td class="specs-value fk-data">Shoulder Bag</td> </tr> <tr class=""> <td class="specs-key">Ideal For</td> <td class="specs-value fk-data">Women</td> </tr> <tr class=""> <td class="specs-key">Material</td> <td class="specs-value fk-data">Jute</td> </tr> <tr class=""> <td class="specs-key">Style Code</td> <td class="specs-value fk-data">BBJ090 Nat</td> </tr> <tr class=""> <td class="specs-key">Color Code</td> <td class="specs-value fk-data">Natural</td> </tr> </table> <table cellspacing="0" class="fk-specs-type2"> <tr> <th class="group-head" colspan="2">Body Features</th> </tr> <tr class=""> <td class="specs-key">Number of Compartments</td> <td class="specs-value fk-data">3</td> </tr> </table> </div>,11:03:2014,None
LSTHMBDTHHMUA8JBBBZ8NN9CM,Earthen Me Circle Pattern Jute Shoulder Bag,http://www.flipkart.com/lifestyle/bags-wallets-belts/women?otracker=hp_nmenu_sub_women_0_Bags%2C%20Belts%20and%20wallets,Rs. 449,Bags  Belts and wallets,Handbags,Earthen Me,http://img6a.flixcart.com/image/hand-messenger-bag/b/b/z/bbj049-black-earthen-me-shoulder-bag-circle-pattern-jute-400x400-imadthm2cztafrvg.jpeg,Rs. 449,Black,women,http://www.flipkart.com/earthen-me-circle-pattern-jute-shoulder-bag/p/itmdthhm7h8qvxkq?pid=HMBDTHHMUA8JBBBZ&srno=b_24&ref=69af4b17-7c19-48f0-a348-eb1003adc0f3,Fashionara,Earthen Me Circle Pattern Jute Shoulder Bag Black - Price in India | Flipkart.com,Flipkart.com: Buy Earthen Me Circle Pattern Jute Shoulder Bag for Rs. 449 from Flipkart.com. Only Genuine Products. 30 Day Replacement Guarantee. Free Shipping. Cash On,[],<div class="item_left_column" id="description"> <h3 class="item_desc_title fk-uppercase">Earthen Me Circle Pattern Jute Shoulder Bag (Black)         Price: Rs.449</h3> <div class="cls"></div> <div class="item_desc_text line"> <div style="float:right"> </div>                         This is the bag to carry when you're in the mood to shop till you drop. The long comfortable shoulder handles ensure you can fill it to the brim with your purchases. Wear it with a maxi dress and comfy sandals.        </div> <div style="clear: both;"></div> </div>,<div class="item_left_column" id="specifications"> <h3 class="item_desc_title fk-uppercase">         Specifications of Earthen Me Circle Pattern Jute Shoulder Bag (Black)    </h3> <table cellspacing="0" class="fk-specs-type2"> <tr> <th class="group-head" colspan="2">General</th> </tr> <tr class=""> <td class="specs-key">Type</td> <td class="specs-value fk-data">Shoulder Bag</td> </tr> <tr class=""> <td class="specs-key">Ideal For</td> <td class="specs-value fk-data">Women</td> </tr> <tr class=""> <td class="specs-key">Material</td> <td class="specs-value fk-data">Jute</td> </tr> <tr class=""> <td class="specs-key">Style Code</td> <td class="specs-value fk-data">BBJ049 Black</td> </tr> <tr class=""> <td class="specs-key">Color Code</td> <td class="specs-value fk-data">Black</td> </tr> </table> <table cellspacing="0" class="fk-specs-type2"> <tr> <th class="group-head" colspan="2">Body Features</th> </tr> <tr class=""> <td class="specs-key">Number of Compartments</td> <td class="specs-value fk-data">4</td> </tr> </table> </div>,11:03:2014,None
LSTHMBDBSKDJFFMBRDJY8I9H0,Earthen Me Fashion Jute Hand-held Bag,http://www.flipkart.com/lifestyle/bags-wallets-belts/women?otracker=hp_nmenu_sub_women_0_Bags%2C%20Belts%20and%20wallets,Rs. 430,Bags  Belts and wallets,Handbags,Earthen Me,http://img5a.flixcart.com/image/hand-messenger-bag/r/d/j/bbj061-bl-earthen-me-hand-bag-fashion-jute-400x400-imadg55fzudhuw73.jpeg,Rs. 430,Green,women,http://www.flipkart.com/earthen-me-fashion-jute-hand-held-bag/p/itmdbskdjffmbrdj?pid=HMBDBSKDJFFMBRDJ&srno=b_11&ref=fb6c49b9-9f27-4724-ac45-79faafe941b6,Fashionara,Earthen Me Fashion Jute Hand-held Bag Green - Price in India | Flipkart.com,Flipkart.com: Buy Earthen Me Fashion Jute Hand-held Bag for Rs. 430 from Flipkart.com. Only Genuine Products. 30 Day Replacement Guarantee. Free Shipping. Cash On,[],<div class="item_left_column" id="description"> <h3 class="item_desc_title fk-uppercase">Earthen Me Fashion Jute Hand-held Bag (Green)         Price: Rs.430</h3> <div class="cls"></div> <div class="item_desc_text line"> <div style="float:right"> </div> <h3><b> Key Features </b></h3> <div class="line bmargin10"> <ul class="feature_bullet"> <li><span>Hand Bag</span></li><li><span>Ideal for Women</span></li><li><span>Flower Design</span></li> </ul> </div> <p style="text-align: justify; ">   Enhance your ethnic charm with this Earthen Me Fashion Jute Hand Bag – For Women. This chic handbag is designed with a simple yet exquisite <strong>flower design</strong> that makes it an enticing fashion accessory. The jute material of this handbag ensures sturdy and safe hold of all the possessions you require while you are set to go outdoors for the day. In addition to this  the Earthen Me Fashion Jute Hand Bag – For Women also comprises of <strong>commodious interiors</strong>. These interiors allow you to stash all your must-haves without any hassle. You could also keep your things in order of priority in these roomy interiors. Besides this  the bag also comes with <strong>stylish double handles</strong> that allow for simple  hassle-free and effortless portability. This <strong>Earthen Me Fashion Jute Hand Bag – For Women </strong>measures 330.2 x 431.8 mm in dimension  is lightweight and hence is easy to haul along on the go. From casual outings to carefree trips  you could carry this elegant satchel wherever you go.</p> </div> <div style="clear: both;"></div> </div>,<div class="item_left_column" id="specifications"> <h3 class="item_desc_title fk-uppercase">         Specifications of Earthen Me Fashion Jute Hand-held Bag (Green)    </h3> <table cellspacing="0" class="fk-specs-type2"> <tr> <th class="group-head" colspan="2">General</th> </tr> <tr class=""> <td class="specs-key">Type</td> <td class="specs-value fk-data">Hand-held Bag</td> </tr> <tr class=""> <td class="specs-key">Ideal For</td> <td class="specs-value fk-data">Women</td> </tr> <tr class=""> <td class="specs-key">Occasion</td> <td class="specs-value fk-data">Casual</td> </tr> <tr class=""> <td class="specs-key">Material</td> <td class="specs-value fk-data">Jute</td> </tr> <tr class=""> <td class="specs-key">Style Code</td> <td class="specs-value fk-data">BBJ061 Bl</td> </tr> <tr class=""> <td class="specs-key">Color Code</td> <td class="specs-value fk-data">Green</td> </tr> </table> <table cellspacing="0" class="fk-specs-type2"> <tr> <th class="group-head" colspan="2">Body Features</th> </tr> <tr class=""> <td class="specs-key">Bag Design</td> <td class="specs-value fk-data">Flower</td> </tr> </table> <table cellspacing="0" class="fk-specs-type2"> <tr> <th class="group-head" colspan="2">Dimensions</th> </tr> <tr class=""> <td class="specs-key">Width</td> <td class="specs-value fk-data">330.2 mm</td> </tr> <tr class=""> <td class="specs-key">Height</td> <td class="specs-value fk-data">431.8 mm</td> </tr> </table> </div>,11:03:2014,None
LSTHMBDQ9HBWZ7ZHHT85VQNNS,Earthen Me Shoulder Bag,http://www.flipkart.com/lifestyle/bags-wallets-belts/women?otracker=hp_nmenu_sub_women_0_Bags%2C%20Belts%20and%20wallets,Rs. 594,Bags  Belts and wallets,Handbags,Earthen Me,http://img6a.flixcart.com/image/hand-messenger-bag/h/t/8/bbjc004-white-earthen-me-messenger-bag-400x400-imadqcvq2zcjejge.jpeg,Rs. 849,Green  White,women,http://www.flipkart.com/earthen-me-shoulder-bag/p/itmdqg6rhnxtspsr?pid=HMBDQ9HBWZ7ZHHT8&srno=b_16&ref=69af4b17-7c19-48f0-a348-eb1003adc0f3,WS Retail,Earthen Me Shoulder Bag White - Price in India | Flipkart.com,Flipkart.com: Buy Earthen Me Shoulder Bag for Rs. 594 from Flipkart.com. Only Genuine Products. 30 Day Replacement Guarantee. Free Shipping. Cash On,[],<div class="item_left_column" id="description"> <h3 class="item_desc_title fk-uppercase">                 Key Features of Earthen Me Shoulder Bag (White)            </h3> <div class="cls"></div> <div class="item_desc_text"> <ul class="fk-key-features"> <li>Zipper Closure</li><li>1 Pocket</li><li>1 Compartment</li><li>Bug Print Design</li><li>Shoulder Bag</li><li>Ideal for Women</li><li>Made of Jute Cotton</li> </ul> </div> <div style="clear: both;"></div> </div>,<div class="item_left_column" id="specifications"> <h3 class="item_desc_title fk-uppercase">         Specifications of Earthen Me Shoulder Bag (White)    </h3> <table cellspacing="0" class="fk-specs-type2"> <tr> <th class="group-head" colspan="2">General</th> </tr> <tr class=""> <td class="specs-key">Type</td> <td class="specs-value fk-data">Shoulder Bag</td> </tr> <tr class=""> <td class="specs-key">Ideal For</td> <td class="specs-value fk-data">Women</td> </tr> <tr class=""> <td class="specs-key">Occasion</td> <td class="specs-value fk-data">Casual</td> </tr> <tr class=""> <td class="specs-key">Material</td> <td class="specs-value fk-data">Jute Cotton</td> </tr> <tr class=""> <td class="specs-key">Closure</td> <td class="specs-value fk-data">Zip</td> </tr> <tr class=""> <td class="specs-key">Style Code</td> <td class="specs-value fk-data">BBJC004 White</td> </tr> <tr class=""> <td class="specs-key">Color Code</td> <td class="specs-value fk-data">White</td> </tr> </table> <table cellspacing="0" class="fk-specs-type2"> <tr> <th class="group-head" colspan="2">Body Features</th> </tr> <tr class=""> <td class="specs-key">Number of Pockets</td> <td class="specs-value fk-data">1</td> </tr> <tr class=""> <td class="specs-key">Number of Compartments</td> <td class="specs-value fk-data">1</td> </tr> <tr class=""> <td class="specs-key">Bag Design</td> <td class="specs-value fk-data">Bug Print</td> </tr> <tr class=""> <td class="specs-key">Other Body Features</td> <td class="specs-value fk-data">Inside Pocket</td> </tr> </table> <table cellspacing="0" class="fk-specs-type2"> <tr> <th class="group-head" colspan="2">Additional Features</th> </tr> <tr class=""> <td class="specs-key"> </td> <td class="specs-value fk-data">Eco-friendly</td> </tr> </table> <table cellspacing="0" class="fk-specs-type2"> <tr> <th class="group-head" colspan="2">Dimensions</th> </tr> <tr class=""> <td class="specs-key">Width</td> <td class="specs-value fk-data">342.9 mm</td> </tr> <tr class=""> <td class="specs-key">Height</td> <td class="specs-value fk-data">279.4 mm</td> </tr> <tr class=""> <td class="specs-key">Weight</td> <td class="specs-value fk-data">250 g</td> </tr> </table> </div>,11:03:2014,None
LSTHMBDB5JAJPFVMWPZ2WPHCZ,Earthen Me Hand-held Bag,http://www.flipkart.com/lifestyle/bags-wallets-belts/women?otracker=hp_nmenu_sub_women_0_Bags%2C%20Belts%20and%20wallets,Rs. 449,Bags  Belts and wallets,Handbags,Earthen Me,http://img5a.flixcart.com/image/hand-messenger-bag/w/p/z/bbj047-earthen-me-hand-bag-400x400-imads7rjdnes4jqj.jpeg,Rs. 449,Black,women,http://www.flipkart.com/earthen-me-hand-held-bag/p/itmdb5jahv9vnq8b?pid=HMBDB5JAJPFVMWPZ&srno=b_17&ref=69af4b17-7c19-48f0-a348-eb1003adc0f3,Fashionara,Earthen Me Hand-held Bag Black - Price in India | Flipkart.com,Flipkart.com: Buy Earthen Me Hand-held Bag for Rs. 449 from Flipkart.com. Only Genuine Products. 30 Day Replacement Guarantee. Free Shipping. Cash On,[],<div class="item_left_column" id="description"> <h3 class="item_desc_title fk-uppercase">Earthen Me Hand-held Bag (Black)         Price: Rs.449</h3> <div class="cls"></div> <div class="item_desc_text line"> <div style="float:right"> </div> <h3><b> Key Features </b></h3> <div class="line bmargin10"> <ul class="feature_bullet"> <li><span>Hand Bag</span></li><li><span>Ideal for Women</span></li><li><span>Made of Jute</span></li><li><span>1 Pocket</span></li> </ul> </div> <p style="text-align: justify;">   Be it a retro-styled theme party or a causal evening out with friends  this Earthen Me Hand Bag – For Women could be an ideal pick for you. <strong>Made of jute</strong>  this handbag ensures firm and rigid hold on all the essentials you require for the day. Built with roomy interiors  this satchel accommodates all your possessions without any hassle. Besides this  the interiors also come with an <strong>inner zippered pocket  </strong>offering instant reach to the basic items while use. The <strong>long handle in this handcrafted Earthen Me Hand Bag – For Women </strong>facilitates simple and effortless portability on the go. Measuring 419.1 x 368.3 mm in dimension  this spacious handbag is lightweight and hence is easy to handle. You can pair this Earthen Me Hand Bag – For Women with a red polka dot dress or a black halter top.</p> </div> <div style="clear: both;"></div> </div>,<div class="item_left_column" id="specifications"> <h3 class="item_desc_title fk-uppercase">         Specifications of Earthen Me Hand-held Bag (Black)    </h3> <table cellspacing="0" class="fk-specs-type2"> <tr> <th class="group-head" colspan="2">General</th> </tr> <tr class=""> <td class="specs-key">Type</td> <td class="specs-value fk-data">Hand-held Bag</td> </tr> <tr class=""> <td class="specs-key">Ideal For</td> <td class="specs-value fk-data">Women</td> </tr> <tr class=""> <td class="specs-key">Material</td> <td class="specs-value fk-data">Jute</td> </tr> <tr class=""> <td class="specs-key">Style Code</td> <td class="specs-value fk-data">BBJ047</td> </tr> <tr class=""> <td class="specs-key">Color Code</td> <td class="specs-value fk-data">Black</td> </tr> </table> <table cellspacing="0" class="fk-specs-type2"> <tr> <th class="group-head" colspan="2">Body Features</th> </tr> <tr class=""> <td class="specs-key">Number of Pockets</td> <td class="specs-value fk-data">1</td> </tr> <tr class=""> <td class="specs-key">Other Body Features</td> <td class="specs-value fk-data">Long Handle  Inside Zipper Pocket  Handcrafted</td> </tr> </table> <table cellspacing="0" class="fk-specs-type2"> <tr> <th class="group-head" colspan="2">Additional Features</th> </tr> <tr class=""> <td class="specs-key"> </td> <td class="specs-value fk-data">Spacious  Eco Friendly Bag</td> </tr> </table> <table cellspacing="0" class="fk-specs-type2"> <tr> <th class="group-head" colspan="2">Dimensions</th> </tr> <tr class=""> <td class="specs-key">Width</td> <td class="specs-value fk-data">368.3 mm</td> </tr> <tr class=""> <td class="specs-key">Height</td> <td class="specs-value fk-data">419.1 mm</td> </tr> </table> </div>,11:03:2014,None
LSTHMBDQ9HBUEVNZTYGE3V1HM,Earthen Me Shoulder Bag,http://www.flipkart.com/lifestyle/bags-wallets-belts/women?otracker=hp_nmenu_sub_women_0_Bags%2C%20Belts%20and%20wallets,Rs. 979,Bags  Belts and wallets,Handbags,Earthen Me,http://img5a.flixcart.com/image/hand-messenger-bag/t/y/g/hbjc002-mar-earthen-me-messenger-bag-400x400-imadqcvp6bazfq9p.jpeg,Rs. 1399,Black  Maroon,women,http://www.flipkart.com/earthen-me-shoulder-bag/p/itmdqg6rumfgrpfs?pid=HMBDQ9HBUEVNZTYG&srno=b_15&ref=fb6c49b9-9f27-4724-ac45-79faafe941b6,WS Retail,Earthen Me Shoulder Bag Maroon - Price in India | Flipkart.com,Flipkart.com: Buy Earthen Me Shoulder Bag for Rs. 979 from Flipkart.com. Only Genuine Products. 30 Day Replacement Guarantee. Free Shipping. Cash On,[],<div class="item_left_column" id="description"> <h3 class="item_desc_title fk-uppercase">                 Key Features of Earthen Me Shoulder Bag (Maroon)            </h3> <div class="cls"></div> <div class="item_desc_text"> <ul class="fk-key-features"> <li>Shoulder Bag</li><li>3 Pockets</li><li>Made of Jute Cotton and PU Leather</li><li>1 Compartment</li><li>Snap Button Closure</li><li>Ideal for Women</li> </ul> </div> <div style="clear: both;"></div> </div>,<div class="item_left_column" id="specifications"> <h3 class="item_desc_title fk-uppercase">         Specifications of Earthen Me Shoulder Bag (Maroon)    </h3> <table cellspacing="0" class="fk-specs-type2"> <tr> <th class="group-head" colspan="2">General</th> </tr> <tr class=""> <td class="specs-key">Type</td> <td class="specs-value fk-data">Shoulder Bag</td> </tr> <tr class=""> <td class="specs-key">Ideal For</td> <td class="specs-value fk-data">Women</td> </tr> <tr class=""> <td class="specs-key">Occasion</td> <td class="specs-value fk-data">Casual</td> </tr> <tr class=""> <td class="specs-key">Material</td> <td class="specs-value fk-data">Jute Cotton and PU Leather</td> </tr> <tr class=""> <td class="specs-key">Closure</td> <td class="specs-value fk-data">Snap Button</td> </tr> <tr class=""> <td class="specs-key">Style Code</td> <td class="specs-value fk-data">HBJC002 MAR</td> </tr> <tr class=""> <td class="specs-key">Color Code</td> <td class="specs-value fk-data">Maroon</td> </tr> </table> <table cellspacing="0" class="fk-specs-type2"> <tr> <th class="group-head" colspan="2">Body Features</th> </tr> <tr class=""> <td class="specs-key">Number of Pockets</td> <td class="specs-value fk-data">3</td> </tr> <tr class=""> <td class="specs-key">Number of Compartments</td> <td class="specs-value fk-data">1</td> </tr> <tr class=""> <td class="specs-key">Other Body Features</td> <td class="specs-value fk-data">Dual Handle  Inside Pockets</td> </tr> </table> <table cellspacing="0" class="fk-specs-type2"> <tr> <th class="group-head" colspan="2">Additional Features</th> </tr> <tr class=""> <td class="specs-key"> </td> <td class="specs-value fk-data">Eco-friendly</td> </tr> </table> <table cellspacing="0" class="fk-specs-type2"> <tr> <th class="group-head" colspan="2">Dimensions</th> </tr> <tr class=""> <td class="specs-key">Width</td> <td class="specs-value fk-data">406.4 mm</td> </tr> <tr class=""> <td class="specs-key">Height</td> <td class="specs-value fk-data">317.5 mm</td> </tr> <tr class=""> <td class="specs-key">Weight</td> <td class="specs-value fk-data">250 g</td> </tr> </table> </div>,11:03:2014,None
LSTHMBDTHHMWGS7TNERDF450Y,Earthen Me Polka Jute With Cane Handles Hand Bag,http://www.flipkart.com/lifestyle/bags-wallets-belts/women?otracker=hp_nmenu_sub_women_0_Bags%2C%20Belts%20and%20wallets,Rs. 430,Bags  Belts and wallets,Handbags,Earthen Me,http://img5a.flixcart.com/image/hand-messenger-bag/n/e/r/bbj060-brown-earthen-me-hand-bag-polka-jute-with-cane-handles-400x400-imadthhxw5k3dsah.jpeg,Rs. 430,Brown,women,http://www.flipkart.com/earthen-me-polka-jute-cane-handles-hand-bag/p/itmdthhmutskj6zn?pid=HMBDTHHMWGS7TNER&srno=b_13&ref=fb6c49b9-9f27-4724-ac45-79faafe941b6,Fashionara,Earthen Me Polka Jute With Cane Handles Hand Bag Brown - Price in India | Flipkart.com,Flipkart.com: Buy Earthen Me Polka Jute With Cane Handles Hand Bag for Rs. 430 from Flipkart.com. Only Genuine Products. 30 Day Replacement Guarantee. Free Shipping. Cash On,[],<div class="item_left_column" id="description"> <h3 class="item_desc_title fk-uppercase">Earthen Me Polka Jute With Cane Handles Hand Bag (Brown)         Price: Rs.430</h3> <div class="cls"></div> <div class="item_desc_text line"> <div style="float:right"> </div>                         This cute bag is a must-have. Features polka prints  cane handles  single closure and and single pocket inside to keep your essentials. Crafted from eco- friendly jute  it is trendy and stylish. Wear it with your favourite street side halter dress for a dash of chic.        </div> <div style="clear: both;"></div> </div>,<div class="item_left_column" id="specifications"> <h3 class="item_desc_title fk-uppercase">         Specifications of Earthen Me Polka Jute With Cane Handles Hand Bag (Brown)    </h3> <table cellspacing="0" class="fk-specs-type2"> <tr> <th class="group-head" colspan="2">General</th> </tr> <tr class=""> <td class="specs-key">Type</td> <td class="specs-value fk-data">Hand Bag</td> </tr> <tr class=""> <td class="specs-key">Ideal For</td> <td class="specs-value fk-data">Women</td> </tr> <tr class=""> <td class="specs-key">Material</td> <td class="specs-value fk-data">Jute</td> </tr> <tr class=""> <td class="specs-key">Style Code</td> <td class="specs-value fk-data">BBJ060 Brown</td> </tr> <tr class=""> <td class="specs-key">Color Code</td> <td class="specs-value fk-data">Brown</td> </tr> </table> <table cellspacing="0" class="fk-specs-type2"> <tr> <th class="group-head" colspan="2">Body Features</th> </tr> <tr class=""> <td class="specs-key">Number of Compartments</td> <td class="specs-value fk-data">3</td> </tr> </table> </div>,11:03:2014,None
LSTHMBDQ9HBXYVP8G22FPJO0S,Earthen Me Shoulder Bag,http://www.flipkart.com/lifestyle/bags-wallets-belts/women?otracker=hp_nmenu_sub_women_0_Bags%2C%20Belts%20and%20wallets,Rs. 909,Bags  Belts and wallets,Handbags,Earthen Me,http://img6a.flixcart.com/image/hand-messenger-bag/g/2/2/hbjc001-cream-earthen-me-messenger-bag-400x400-imadqcvqcwbkhsgh.jpeg,Rs. 1299,Black  Cream,women,http://www.flipkart.com/earthen-me-shoulder-bag/p/itmdqg6ryszgg9sg?pid=HMBDQ9HBXYVP8G22&srno=b_29&ref=69af4b17-7c19-48f0-a348-eb1003adc0f3,WS Retail,Earthen Me Shoulder Bag Cream - Price in India | Flipkart.com,Flipkart.com: Buy Earthen Me Shoulder Bag for Rs. 909 from Flipkart.com. Only Genuine Products. 30 Day Replacement Guarantee. Free Shipping. Cash On,[],<div class="item_left_column" id="description"> <h3 class="item_desc_title fk-uppercase">                 Key Features of Earthen Me Shoulder Bag (Cream)            </h3> <div class="cls"></div> <div class="item_desc_text"> <ul class="fk-key-features"> <li>3 Pockets</li><li>Shoulder Bag</li><li>Snap Button Closure</li><li>Ideal for Women</li><li>Made of Jute Cotton and PU Leather</li><li>1 Compartment</li> </ul> </div> <div style="clear: both;"></div> </div>,<div class="item_left_column" id="specifications"> <h3 class="item_desc_title fk-uppercase">         Specifications of Earthen Me Shoulder Bag (Cream)    </h3> <table cellspacing="0" class="fk-specs-type2"> <tr> <th class="group-head" colspan="2">General</th> </tr> <tr class=""> <td class="specs-key">Type</td> <td class="specs-value fk-data">Shoulder Bag</td> </tr> <tr class=""> <td class="specs-key">Ideal For</td> <td class="specs-value fk-data">Women</td> </tr> <tr class=""> <td class="specs-key">Occasion</td> <td class="specs-value fk-data">Casual</td> </tr> <tr class=""> <td class="specs-key">Material</td> <td class="specs-value fk-data">Jute Cotton and PU Leather</td> </tr> <tr class=""> <td class="specs-key">Closure</td> <td class="specs-value fk-data">Snap Button</td> </tr> <tr class=""> <td class="specs-key">Style Code</td> <td class="specs-value fk-data">HBJC001 Cream</td> </tr> <tr class=""> <td class="specs-key">Color Code</td> <td class="specs-value fk-data">Cream</td> </tr> </table> <table cellspacing="0" class="fk-specs-type2"> <tr> <th class="group-head" colspan="2">Body Features</th> </tr> <tr class=""> <td class="specs-key">Number of Pockets</td> <td class="specs-value fk-data">3</td> </tr> <tr class=""> <td class="specs-key">Number of Compartments</td> <td class="specs-value fk-data">1</td> </tr> <tr class=""> <td class="specs-key">Other Body Features</td> <td class="specs-value fk-data">Dual Handle  Inside Pockets</td> </tr> </table> <table cellspacing="0" class="fk-specs-type2"> <tr> <th class="group-head" colspan="2">Additional Features</th> </tr> <tr class=""> <td class="specs-key"> </td> <td class="specs-value fk-data">Eco-friendly</td> </tr> </table> <table cellspacing="0" class="fk-specs-type2"> <tr> <th class="group-head" colspan="2">Dimensions</th> </tr> <tr class=""> <td class="specs-key">Width</td> <td class="specs-value fk-data">393.7 mm</td> </tr> <tr class=""> <td class="specs-key">Height</td> <td class="specs-value fk-data">317.5 mm</td> </tr> <tr class=""> <td class="specs-key">Weight</td> <td class="specs-value fk-data">250 g</td> </tr> </table> </div>,11:03:2014,None
LSTHMBDQ9HB2HBZMDWBDZ30Z1,Earthen Me Shoulder Bag,http://www.flipkart.com/lifestyle/bags-wallets-belts/women?otracker=hp_nmenu_sub_women_0_Bags%2C%20Belts%20and%20wallets,Rs. 559,Bags  Belts and wallets,Handbags,Earthen Me,http://img5a.flixcart.com/image/hand-messenger-bag/d/w/b/bbjc002-white-earthen-me-messenger-bag-400x400-imadqcvmengd23qq.jpeg,Rs. 799,Orange  White,women,http://www.flipkart.com/earthen-me-shoulder-bag/p/itmdqg6r5gfyhre6?pid=HMBDQ9HB2HBZMDWB&srno=b_27&ref=69af4b17-7c19-48f0-a348-eb1003adc0f3,WS Retail,Earthen Me Shoulder Bag White - Price in India | Flipkart.com,Flipkart.com: Buy Earthen Me Shoulder Bag for Rs. 559 from Flipkart.com. Only Genuine Products. 30 Day Replacement Guarantee. Free Shipping. Cash On,[],<div class="item_left_column" id="description"> <h3 class="item_desc_title fk-uppercase">                 Key Features of Earthen Me Shoulder Bag (White)            </h3> <div class="cls"></div> <div class="item_desc_text"> <ul class="fk-key-features"> <li>Ideal for Women</li><li>Made of Jute Cotton</li><li>Shoulder Bag</li><li>Zipper Closure</li><li>1 Compartment</li><li>Tiger Print Design</li><li>1 Pocket</li> </ul> </div> <div style="clear: both;"></div> </div>,<div class="item_left_column" id="specifications"> <h3 class="item_desc_title fk-uppercase">         Specifications of Earthen Me Shoulder Bag (White)    </h3> <table cellspacing="0" class="fk-specs-type2"> <tr> <th class="group-head" colspan="2">General</th> </tr> <tr class=""> <td class="specs-key">Type</td> <td class="specs-value fk-data">Shoulder Bag</td> </tr> <tr class=""> <td class="specs-key">Ideal For</td> <td class="specs-value fk-data">Women</td> </tr> <tr class=""> <td class="specs-key">Occasion</td> <td class="specs-value fk-data">Casual</td> </tr> <tr class=""> <td class="specs-key">Material</td> <td class="specs-value fk-data">Jute Cotton</td> </tr> <tr class=""> <td class="specs-key">Closure</td> <td class="specs-value fk-data">Zip</td> </tr> <tr class=""> <td class="specs-key">Style Code</td> <td class="specs-value fk-data">BBJC002 White</td> </tr> <tr class=""> <td class="specs-key">Color Code</td> <td class="specs-value fk-data">White</td> </tr> </table> <table cellspacing="0" class="fk-specs-type2"> <tr> <th class="group-head" colspan="2">Body Features</th> </tr> <tr class=""> <td class="specs-key">Number of Pockets</td> <td class="specs-value fk-data">1</td> </tr> <tr class=""> <td class="specs-key">Number of Compartments</td> <td class="specs-value fk-data">1</td> </tr> <tr class=""> <td class="specs-key">Bag Design</td> <td class="specs-value fk-data">Tiger Print</td> </tr> <tr class=""> <td class="specs-key">Other Body Features</td> <td class="specs-value fk-data">Inside Pocket</td> </tr> </table> <table cellspacing="0" class="fk-specs-type2"> <tr> <th class="group-head" colspan="2">Additional Features</th> </tr> <tr class=""> <td class="specs-key"> </td> <td class="specs-value fk-data">Eco-friendly</td> </tr> </table> <table cellspacing="0" class="fk-specs-type2"> <tr> <th class="group-head" colspan="2">Dimensions</th> </tr> <tr class=""> <td class="specs-key">Width</td> <td class="specs-value fk-data">393.7 mm</td> </tr> <tr class=""> <td class="specs-key">Height</td> <td class="specs-value fk-data">304.8 mm</td> </tr> <tr class=""> <td class="specs-key">Weight</td> <td class="specs-value fk-data">250 g</td> </tr> </table> </div>,11:03:2014,None
LSTHMBDTHHMPYZCBTUHT8LDY2,Earthen Me Comfy Beach Shoulder Bag,http://www.flipkart.com/lifestyle/bags-wallets-belts/women?otracker=hp_nmenu_sub_women_0_Bags%2C%20Belts%20and%20wallets,Rs. 649,Bags  Belts and wallets,Handbags,Earthen Me,http://img5a.flixcart.com/image/hand-messenger-bag/t/u/h/bbj068-green-earthen-me-shoulder-bag-comfy-beach-400x400-imadthhzgyfeygry.jpeg,Rs. 649,Multi-color,women,http://www.flipkart.com/earthen-me-comfy-beach-shoulder-bag/p/itmdthhmwr3cutxu?pid=HMBDTHHMPYZCBTUH&srno=b_25&ref=69af4b17-7c19-48f0-a348-eb1003adc0f3,Fashionara,Earthen Me Comfy Beach Shoulder Bag Multi Colour - Price in India | Flipkart.com,Flipkart.com: Buy Earthen Me Comfy Beach Shoulder Bag for Rs. 649 from Flipkart.com. Only Genuine Products. 30 Day Replacement Guarantee. Free Shipping. Cash On,[],<div class="item_left_column" id="description"> <h3 class="item_desc_title fk-uppercase">Earthen Me Comfy Beach Shoulder Bag (Multi Colour)         Price: Rs.649</h3> <div class="cls"></div> <div class="item_desc_text line"> <div style="float:right"> </div>                         This bright and young bag is a real steal. Make this a must have in your wardrobe this summer. Featuring a cute slipper print on stripes  it is sure to drive attention wherever you go. Vibrant colors  design all adds to it. Carry it the way you want. Whether you are on a holiday or on your shopping spree  this is a must have. The bag is made up of Jute which is a naturally existing fiber and it is grown without the usage of any fertilizers or chemicals. Moreover  the bags are handcrafted therefore minimizing the usage of machines. As a result the energy consume in the entire process is very minimal. Compared to plastic or a paper bags  these bags are much stronger and have a higher re-usability.        </div> <div style="clear: both;"></div> </div>,<div class="item_left_column" id="specifications"> <h3 class="item_desc_title fk-uppercase">         Specifications of Earthen Me Comfy Beach Shoulder Bag (Multi Colour)    </h3> <table cellspacing="0" class="fk-specs-type2"> <tr> <th class="group-head" colspan="2">General</th> </tr> <tr class=""> <td class="specs-key">Type</td> <td class="specs-value fk-data">Shoulder Bag</td> </tr> <tr class=""> <td class="specs-key">Ideal For</td> <td class="specs-value fk-data">Women</td> </tr> <tr class=""> <td class="specs-key">Material</td> <td class="specs-value fk-data">Jute</td> </tr> <tr class=""> <td class="specs-key">Style Code</td> <td class="specs-value fk-data">BBJ068 Green</td> </tr> <tr class=""> <td class="specs-key">Color Code</td> <td class="specs-value fk-data">Multi Colour</td> </tr> </table> <table cellspacing="0" class="fk-specs-type2"> <tr> <th class="group-head" colspan="2">Body Features</th> </tr> <tr class=""> <td class="specs-key">Number of Compartments</td> <td class="specs-value fk-data">3</td> </tr> </table> </div>,11:03:2014,None
LSTHMBDQ9HBAQEFYWKFY9DFXC,Earthen Me Tote,http://www.flipkart.com/lifestyle/bags-wallets-belts/women?otracker=hp_nmenu_sub_women_0_Bags%2C%20Belts%20and%20wallets,Rs. 524,Bags  Belts and wallets,Handbags,Earthen Me,http://img6a.flixcart.com/image/hand-messenger-bag/w/k/f/bbjc005-natural-earthen-me-messenger-bag-400x400-imadqcvmhzfwr8be.jpeg,Rs. 749,Multicolor,women,http://www.flipkart.com/earthen-me-tote/p/itmdqg6rgqmwyetp?pid=HMBDQ9HBAQEFYWKF&srno=b_9&ref=fb6c49b9-9f27-4724-ac45-79faafe941b6,WS Retail,Earthen Me Tote Natural - Price in India | Flipkart.com,Flipkart.com: Buy Earthen Me Tote for Rs. 524 from Flipkart.com. Only Genuine Products. 30 Day Replacement Guarantee. Free Shipping. Cash On,[],<div class="item_left_column" id="description"> <h3 class="item_desc_title fk-uppercase">                 Key Features of Earthen Me Tote (Natural)            </h3> <div class="cls"></div> <div class="item_desc_text"> <ul class="fk-key-features"> <li>Ideal for Women</li><li>Made of Jute Cotton</li><li>Zipper Closure</li><li>Tote</li><li>3 Pockets</li><li>1 Compartment</li><li>Pop Print Design</li> </ul> </div> <div style="clear: both;"></div> </div>,<div class="item_left_column" id="specifications"> <h3 class="item_desc_title fk-uppercase">         Specifications of Earthen Me Tote (Natural)    </h3> <table cellspacing="0" class="fk-specs-type2"> <tr> <th class="group-head" colspan="2">General</th> </tr> <tr class=""> <td class="specs-key">Type</td> <td class="specs-value fk-data">Tote</td> </tr> <tr class=""> <td class="specs-key">Ideal For</td> <td class="specs-value fk-data">Women</td> </tr> <tr class=""> <td class="specs-key">Occasion</td> <td class="specs-value fk-data">Casual</td> </tr> <tr class=""> <td class="specs-key">Material</td> <td class="specs-value fk-data">Jute Cotton</td> </tr> <tr class=""> <td class="specs-key">Closure</td> <td class="specs-value fk-data">Zip</td> </tr> <tr class=""> <td class="specs-key">Style Code</td> <td class="specs-value fk-data">BBJC005 Natural</td> </tr> <tr class=""> <td class="specs-key">Color Code</td> <td class="specs-value fk-data">Natural</td> </tr> </table> <table cellspacing="0" class="fk-specs-type2"> <tr> <th class="group-head" colspan="2">Body Features</th> </tr> <tr class=""> <td class="specs-key">Number of Pockets</td> <td class="specs-value fk-data">3</td> </tr> <tr class=""> <td class="specs-key">Number of Compartments</td> <td class="specs-value fk-data">1</td> </tr> <tr class=""> <td class="specs-key">Bag Design</td> <td class="specs-value fk-data">Pop Print</td> </tr> <tr class=""> <td class="specs-key">Other Body Features</td> <td class="specs-value fk-data">Inside Pockets</td> </tr> </table> <table cellspacing="0" class="fk-specs-type2"> <tr> <th class="group-head" colspan="2">Additional Features</th> </tr> <tr class=""> <td class="specs-key"> </td> <td class="specs-value fk-data">Eco-friendly</td> </tr> </table> <table cellspacing="0" class="fk-specs-type2"> <tr> <th class="group-head" colspan="2">Dimensions</th> </tr> <tr class=""> <td class="specs-key">Width</td> <td class="specs-value fk-data">355.6 mm</td> </tr> <tr class=""> <td class="specs-key">Height</td> <td class="specs-value fk-data">406.4 mm</td> </tr> <tr class=""> <td class="specs-key">Weight</td> <td class="specs-value fk-data">250 g</td> </tr> </table> </div>,11:03:2014,None
LSTHMBDG5AHPRM4KVEFMW1OP1,Earthen Me Hand-held Bag,http://www.flipkart.com/lifestyle/bags-wallets-belts/women?otracker=hp_nmenu_sub_women_0_Bags%2C%20Belts%20and%20wallets,Rs. 480,Bags  Belts and wallets,Handbags,Earthen Me,http://img5a.flixcart.com/image/hand-messenger-bag/v/e/f/bbj068-earthen-me-hand-bag-400x400-imads7rkfmzfyewh.jpeg,Rs. 600,Multicolor,women,http://www.flipkart.com/earthen-me-hand-held-bag/p/itmdg5ahprm4kvef?pid=HMBDG5AHPRM4KVEF&srno=b_1&ref=fb6c49b9-9f27-4724-ac45-79faafe941b6,WS Retail,Earthen Me Hand-held Bag Multi-color - Price in India | Flipkart.com,Flipkart.com: Buy Earthen Me Hand-held Bag for Rs. 480 from Flipkart.com. Only Genuine Products. 30 Day Replacement Guarantee. Free Shipping. Cash On,[],<div class="item_left_column" id="description"> <h3 class="item_desc_title fk-uppercase">                 Key Features of Earthen Me Hand-held Bag (Multi-color)            </h3> <div class="cls"></div> <div class="item_desc_text"> <ul class="fk-key-features"> <li>Made of Jute</li><li>Ideal for Women</li><li>1 Pocket</li><li>Hand Bag</li><li>Zipper Closure</li> </ul> </div> <div style="clear: both;"></div> </div>,<div class="item_left_column" id="specifications"> <h3 class="item_desc_title fk-uppercase">         Specifications of Earthen Me Hand-held Bag (Multi-color)    </h3> <table cellspacing="0" class="fk-specs-type2"> <tr> <th class="group-head" colspan="2">General</th> </tr> <tr class=""> <td class="specs-key">Type</td> <td class="specs-value fk-data">Hand-held Bag</td> </tr> <tr class=""> <td class="specs-key">Ideal For</td> <td class="specs-value fk-data">Women</td> </tr> <tr class=""> <td class="specs-key">Occasion</td> <td class="specs-value fk-data">Casual</td> </tr> <tr class=""> <td class="specs-key">Material</td> <td class="specs-value fk-data">Jute</td> </tr> <tr class=""> <td class="specs-key">Closure</td> <td class="specs-value fk-data">Zip</td> </tr> <tr class=""> <td class="specs-key">Style Code</td> <td class="specs-value fk-data">BBJ068</td> </tr> <tr class=""> <td class="specs-key">Color Code</td> <td class="specs-value fk-data">Multi-color</td> </tr> </table> <table cellspacing="0" class="fk-specs-type2"> <tr> <th class="group-head" colspan="2">Body Features</th> </tr> <tr class=""> <td class="specs-key">Number of Pockets</td> <td class="specs-value fk-data">1</td> </tr> <tr class=""> <td class="specs-key">Other Body Features</td> <td class="specs-value fk-data">Long Cloth Pink Handles  Zip Pocket Inside  Handcrafted</td> </tr> </table> <table cellspacing="0" class="fk-specs-type2"> <tr> <th class="group-head" colspan="2">Additional Features</th> </tr> <tr class=""> <td class="specs-key"> </td> <td class="specs-value fk-data">Eco-friendly Material  Hold Minimum Weight of 15 Kg</td> </tr> </table> <table cellspacing="0" class="fk-specs-type2"> <tr> <th class="group-head" colspan="2">Dimensions</th> </tr> <tr class=""> <td class="specs-key">Width</td> <td class="specs-value fk-data">292.1 mm</td> </tr> <tr class=""> <td class="specs-key">Height</td> <td class="specs-value fk-data">431.8 mm</td> </tr> </table> </div>,11:03:2014,None
LSTHMBDTHHMHHZV7P7HGOV5WB,Earthen Me Polka dot Shoulder Bag,http://www.flipkart.com/lifestyle/bags-wallets-belts/women?otracker=hp_nmenu_sub_women_0_Bags%2C%20Belts%20and%20wallets,Rs. 449,Bags  Belts and wallets,Handbags,Earthen Me,http://img5a.flixcart.com/image/hand-messenger-bag/p/7/h/bbj059-pink-earthen-me-shoulder-bag-polka-dot-400x400-imadthhzyjmhzz7e.jpeg,Rs. 449,Pink,women,http://www.flipkart.com/earthen-me-polka-dot-shoulder-bag/p/itmdthhmbcbmes8d?pid=HMBDTHHMHHZV7P7H&srno=b_30&ref=69af4b17-7c19-48f0-a348-eb1003adc0f3,Fashionara,Earthen Me Polka dot Shoulder Bag Pink - Price in India | Flipkart.com,Flipkart.com: Buy Earthen Me Polka dot Shoulder Bag for Rs. 449 from Flipkart.com. Only Genuine Products. 30 Day Replacement Guarantee. Free Shipping. Cash On,[],<div class="item_left_column" id="description"> <h3 class="item_desc_title fk-uppercase">Earthen Me Polka dot Shoulder Bag (Pink)         Price: Rs.449</h3> <div class="cls"></div> <div class="item_desc_text line"> <div style="float:right"> </div>                         This jute bag is not just eco friendly but also easy on the eyes. Carry this bag with smooth shoulder handles and spacious compartment for your shopping sprees and forgo plastic bags. Team this with any outfit for a fun contrasting colour blocked look.        </div> <div style="clear: both;"></div> </div>,<div class="item_left_column" id="specifications"> <h3 class="item_desc_title fk-uppercase">         Specifications of Earthen Me Polka dot Shoulder Bag (Pink)    </h3> <table cellspacing="0" class="fk-specs-type2"> <tr> <th class="group-head" colspan="2">General</th> </tr> <tr class=""> <td class="specs-key">Type</td> <td class="specs-value fk-data">Shoulder Bag</td> </tr> <tr class=""> <td class="specs-key">Ideal For</td> <td class="specs-value fk-data">Women</td> </tr> <tr class=""> <td class="specs-key">Material</td> <td class="specs-value fk-data">Jute</td> </tr> <tr class=""> <td class="specs-key">Style Code</td> <td class="specs-value fk-data">BBJ059 Pink</td> </tr> <tr class=""> <td class="specs-key">Color Code</td> <td class="specs-value fk-data">Pink</td> </tr> </table> <table cellspacing="0" class="fk-specs-type2"> <tr> <th class="group-head" colspan="2">Body Features</th> </tr> <tr class=""> <td class="specs-key">Number of Compartments</td> <td class="specs-value fk-data">4</td> </tr> </table> </div>,11:03:2014,None
LSTHMBDTHHMWR82F4HCHLYG9Y,Earthen Me Bloom Row Jute Bag Shoulder Bag,http://www.flipkart.com/lifestyle/bags-wallets-belts/women?otracker=hp_nmenu_sub_women_0_Bags%2C%20Belts%20and%20wallets,Rs. 500,Bags  Belts and wallets,Handbags,Earthen Me,http://img5a.flixcart.com/image/hand-messenger-bag/4/h/c/bbj090-pink-earthen-me-shoulder-bag-bloom-row-jute-bag-400x400-imadthmyjxwbag3w.jpeg,Rs. 500,Pink,women,http://www.flipkart.com/earthen-me-bloom-row-jute-bag-shoulder/p/itmdthhmg6qtnnbm?pid=HMBDTHHMWR82F4HC&srno=b_26&ref=69af4b17-7c19-48f0-a348-eb1003adc0f3,Fashionara,Earthen Me Bloom Row Jute Bag Shoulder Bag Pink - Price in India | Flipkart.com,Flipkart.com: Buy Earthen Me Bloom Row Jute Bag Shoulder Bag for Rs. 500 from Flipkart.com. Only Genuine Products. 30 Day Replacement Guarantee. Free Shipping. Cash On,[],<div class="item_left_column" id="description"> <h3 class="item_desc_title fk-uppercase">Earthen Me Bloom Row Jute Bag Shoulder Bag (Pink)         Price: Rs.500</h3> <div class="cls"></div> <div class="item_desc_text line"> <div style="float:right"> </div>                         A trendy jute bag for your casual times. Make heads turn wherever you go with this eco friendly jute bag. The vivid colours  floral print and long handles ensure maximum comfort and style. This jute bag features - Smooth Shoulder handle  Zipper closure  2 Compartments  Copious space. Wear it with Indian wear or with a kurti and jeans combination to exude grace.        </div> <div style="clear: both;"></div> </div>,<div class="item_left_column" id="specifications"> <h3 class="item_desc_title fk-uppercase">         Specifications of Earthen Me Bloom Row Jute Bag Shoulder Bag (Pink)    </h3> <table cellspacing="0" class="fk-specs-type2"> <tr> <th class="group-head" colspan="2">General</th> </tr> <tr class=""> <td class="specs-key">Type</td> <td class="specs-value fk-data">Shoulder Bag</td> </tr> <tr class=""> <td class="specs-key">Ideal For</td> <td class="specs-value fk-data">Women</td> </tr> <tr class=""> <td class="specs-key">Material</td> <td class="specs-value fk-data">Jute</td> </tr> <tr class=""> <td class="specs-key">Style Code</td> <td class="specs-value fk-data">BBJ090 Pink</td> </tr> <tr class=""> <td class="specs-key">Color Code</td> <td class="specs-value fk-data">Pink</td> </tr> </table> <table cellspacing="0" class="fk-specs-type2"> <tr> <th class="group-head" colspan="2">Body Features</th> </tr> <tr class=""> <td class="specs-key">Number of Compartments</td> <td class="specs-value fk-data">3</td> </tr> </table> </div>,11:03:2014,None
LSTHMBDTHHMTUQ7SWY6TPEFI6,Earthen Me Fashionista Print Jute Shoulder Bag,http://www.flipkart.com/lifestyle/bags-wallets-belts/women?otracker=hp_nmenu_sub_women_0_Bags%2C%20Belts%20and%20wallets,Rs. 500,Bags  Belts and wallets,Handbags,Earthen Me,http://img5a.flixcart.com/image/hand-messenger-bag/w/y/6/bbj048-earthen-me-shoulder-bag-fashionista-print-jute-400x400-imadthmywhgw3s9h.jpeg,Rs. 500,Brown,women,http://www.flipkart.com/earthen-me-fashionista-print-jute-shoulder-bag/p/itmdthhmzrzmzynj?pid=HMBDTHHMTUQ7SWY6&srno=b_23&ref=69af4b17-7c19-48f0-a348-eb1003adc0f3,Fashionara,Earthen Me Fashionista Print Jute Shoulder Bag Natural - Price in India | Flipkart.com,Flipkart.com: Buy Earthen Me Fashionista Print Jute Shoulder Bag for Rs. 500 from Flipkart.com. Only Genuine Products. 30 Day Replacement Guarantee. Free Shipping. Cash On,[],<div class="item_left_column" id="description"> <h3 class="item_desc_title fk-uppercase">Earthen Me Fashionista Print Jute Shoulder Bag (Natural)         Price: Rs.500</h3> <div class="cls"></div> <div class="item_desc_text line"> <div style="float:right"> </div>                         This handcrafted Jute bag represents the girl of today  someone who is confident  has dreams  and believes in herself. A perfect blend of fashion  style and eco-consciousness  this bag will help you stand-out from the usual college or office crowd. The bag is made up of Jute which is a naturally existing fiber and it is grown without the usage of any fertilizers or chemicals. Moreover  the bags are handcrafted therefore minimising the usage of machines. As a result the energy consume in the entire process is very minimal. Compared to plastic or a paper bags  these bags are much stronger and have a higher reusability.        </div> <div style="clear: both;"></div> </div>,<div class="item_left_column" id="specifications"> <h3 class="item_desc_title fk-uppercase">         Specifications of Earthen Me Fashionista Print Jute Shoulder Bag (Natural)    </h3> <table cellspacing="0" class="fk-specs-type2"> <tr> <th class="group-head" colspan="2">General</th> </tr> <tr class=""> <td class="specs-key">Type</td> <td class="specs-value fk-data">Shoulder Bag</td> </tr> <tr class=""> <td class="specs-key">Ideal For</td> <td class="specs-value fk-data">Women</td> </tr> <tr class=""> <td class="specs-key">Material</td> <td class="specs-value fk-data">Jute</td> </tr> <tr class=""> <td class="specs-key">Style Code</td> <td class="specs-value fk-data">BBJ048</td> </tr> <tr class=""> <td class="specs-key">Color Code</td> <td class="specs-value fk-data">Natural</td> </tr> </table> <table cellspacing="0" class="fk-specs-type2"> <tr> <th class="group-head" colspan="2">Body Features</th> </tr> <tr class=""> <td class="specs-key">Number of Compartments</td> <td class="specs-value fk-data">3</td> </tr> </table> </div>,11:03:2014,None
