15:02:2014,hair-care,Garnier.,Garnier Color Naturals  Hair Color,Rs. 155,http://img6a.flixcart.com/image/hair-color/s/u/h/garnier-color-naturals-hair-color-400x400-imadtbgqbwjvm6mj.jpeg,(Natural Black - 1),Rs. 155,WS Retail,http://www.flipkart.com/garnier-color-naturals-hair/p/itmd9zyyffddzcwh?pid=HRCD9ZYBMKBYJSUH&srno=b_1&ref=da19d968-23c2-49ef-95dc-e08708d86f5f,LSTHRCD9ZYBMKBYJSUHBS3H6Q,No size defined,<div class="item_left_column" id="description"><h3 class="item_desc_title fk-uppercase">Garnier Color Naturals  Hair Color (Natural Black - 1)         Price: Rs.155</h3><div class="cls"></div><div class="item_desc_text line"><div style="float:right"></div><p><strong>Enriched with Olive Oil</strong><br/>	Olive oil has all the nutrition your hair needs to stay healthy and lustrous and this hair color now distributes a steady dose to your hair with every application so your hair enjoys rich moisture always.</p><p><strong>Radiant Long Lasting Color</strong><br/>	This special hair color will leave your hair looking gorgeously colored for longer so you do not have to retouch regularly.</p><p><strong>Nourishes and Protects as it Colors</strong><br/>	Apart from just taking your good looks up by a notch, this hair color now makes sure that each strand is also covered with an enriching formula that protects your hair from damage.</p><p><strong>100% Grey Coverage</strong><br/>	All your greys will be given 100% coverage so you can stay confident and always look your best.</p> </div><div style="clear: both;"></div></div>,<div class="item_left_column" id="specifications"><h3 class="item_desc_title fk-uppercase">        Specifications of Garnier Color Naturals  Hair Color (Natural Black - 1)    </h3><table cellspacing="0" class="fk-specs-type2"><tr><th class="group-head" colspan="2">General Traits</th></tr><tr class=""><td class="specs-key">Set Content</td><td class="specs-value fk-data">1 Developer Bottle (60ml), 1 Colourant Tube Type III (40g), 1 Instruction Leaflet, 1 Pair of Gloves</td></tr><tr class=""><td class="specs-key">Ideal For</td><td class="specs-value fk-data">Women</td></tr><tr class=""><td class="specs-key">Color</td><td class="specs-value fk-data">Natural Black - 1</td></tr><tr class=""><td class="specs-key">Quantity</td><td class="specs-value fk-data">100 ml</td></tr><tr class=""><td class="specs-key">Organic</td><td class="specs-value fk-data">Yes</td></tr><tr class=""><td class="specs-key">Organic Type</td><td class="specs-value fk-data">Natural</td></tr></table><table cellspacing="0" class="fk-specs-type2"><tr><th class="group-head" colspan="2">Hair Color Traits</th></tr><tr class=""><td class="specs-key">Composition</td><td class="specs-value fk-data">Olive Oil</td></tr><tr class=""><td class="specs-key">Hair Color Form</td><td class="specs-value fk-data">Cream</td></tr></table><table cellspacing="0" class="fk-specs-type2"><tr><th class="group-head" colspan="2">Additional Traits</th></tr><tr class=""><td class="specs-key"> </td><td class="specs-value fk-data">Nourishes Hair, Superior Grey Coverage, Long-lasting Color, Does not Drip</td></tr></table></div>
15:02:2014,hair-care,Garnier.,Garnier Color Naturals Hair Color,Rs. 155,http://img5a.flixcart.com/image/hair-color/g/j/m/garnier-color-naturals-400x400-imadkb2hhurwzvnq.jpeg,(Brown - 4),Rs. 155,WS Retail,http://www.flipkart.com/garnier-color-naturals-hair/p/itmdfnhbg9vezzfj?pid=HRCDFNKQ6KAJKGJM&srno=b_2&ref=da19d968-23c2-49ef-95dc-e08708d86f5f,LSTHRCDFNKQ6KAJKGJMPCBTL4,No size defined,<div class="item_left_column" id="description"><h3 class="item_desc_title fk-uppercase">Garnier Color Naturals Hair Color (Brown - 4)         Price: Rs.155</h3><div class="cls"></div><div class="item_desc_text line"><div style="float:right"></div><p>	You will get to flaunt luscious tresses without even a streak of grey with this Garnier Color Naturals Hair Color. With the chic Brown - 4 shade, this hair colour covers each and every hair strand in a delightful hue. Apart from imparting an alluring colour to your hair, this<strong> Garnier Color Naturals Hair Color</strong> also makes sure that you get smooth and supple tresses. With a composition that includes certain natural and organic ingredients like <strong>olive oil</strong>, this hair colour nourishes and conditions your hair to make it soft and supple.</p><p>	The hair colouring set consists of a developer milk and a colourant. It is also very easy to apply this hair colour as it has a <strong>cream form</strong>. The hair colour lasts long and gives your hair a radiance. This hair colour is formulated for women.</p><p><strong>Directions for Use</strong></p><ul><li>		Read the instructions and precautions carefully before using the hair colour.</li><li>		Do a skin-allergy test following the steps given in the instructions two days prior to using the hair colour.</li><li>		Use a non-metallic bowl to mix the contents of the hair colour.</li><li>		Use gloves while handling the hair colour.</li></ul> </div><div style="clear: both;"></div></div>,<div class="item_left_column" id="specifications"><h3 class="item_desc_title fk-uppercase">        Specifications of Garnier Color Naturals Hair Color (Brown - 4)    </h3><table cellspacing="0" class="fk-specs-type2"><tr><th class="group-head" colspan="2">General Traits</th></tr><tr class=""><td class="specs-key">Set Content</td><td class="specs-value fk-data">1 Developer Milk, 1 Hair Colorant</td></tr><tr class=""><td class="specs-key">Ideal For</td><td class="specs-value fk-data">Women</td></tr><tr class=""><td class="specs-key">Color</td><td class="specs-value fk-data">Brown - 4</td></tr><tr class=""><td class="specs-key">Organic</td><td class="specs-value fk-data">Yes</td></tr><tr class=""><td class="specs-key">Organic Type</td><td class="specs-value fk-data">Natural</td></tr></table><table cellspacing="0" class="fk-specs-type2"><tr><th class="group-head" colspan="2">Hair Color Traits</th></tr><tr class=""><td class="specs-key">Composition</td><td class="specs-value fk-data">Olive Oil</td></tr><tr class=""><td class="specs-key">Hair Color Form</td><td class="specs-value fk-data">Cream</td></tr></table><table cellspacing="0" class="fk-specs-type2"><tr><th class="group-head" colspan="2">Additional Traits</th></tr><tr class=""><td class="specs-key"> </td><td class="specs-value fk-data">Nourishes Hair, Provides Radiant Shine, Long-lasting, Easy Application, Even Grey Coverage, Conditions Hair, Provides Soft Hair</td></tr></table></div>
15:02:2014,hair-care,Garnier.,Garnier Fructis Strengthening Shampoo + Oil 2 in 1,Rs. 210,http://img6a.flixcart.com/image/shampoo/w/u/n/garnier-375-fructis-strengthening-shampoo-oil-2-in-1-400x400-imadnv83jjjmfgyk.jpeg,(340 ml),Rs. 210,WS Retail,http://www.flipkart.com/garnier-fructis-strengthening-shampoo-oil-2-1/p/itmdnv6gujfxbmy8?pid=SMPDAJ3HBGFCSWUN&srno=b_5&ref=da19d968-23c2-49ef-95dc-e08708d86f5f,LSTSMPDAJ3HBGFCSWUN8CZAPP,340 ml,<div class="item_left_column" id="description"><h3 class="item_desc_title fk-uppercase">Garnier Fructis Strengthening Shampoo + Oil 2 in 1 (340 ml)         Price: Rs.210</h3><div class="cls"></div><div class="item_desc_text line"><div style="float:right"></div><p>	With our busy schedules, we hardly get time to pamper our hair back into health. Garnier Fructis brings to you this two in one shampoo, which gives you the benefits of hair oil and shampoo at one go, saving a lot of your time and effort.</p><p>	By replenishing your hair, the<strong> </strong><strong>Garnier Fructis Strengthening Shampoo + Oil 2 in 1</strong> aids the production of healthier cells, at a faster rate, thereby promoting the growth of hair. In addition, this Garnier Shampoo also improves the texture and radiance of your mane, making it appear lustrous at all times. Additionally, by providing the needed amount of vitamins and minerals to your hair, this Shampoo<strong> keeps you mane stronger </strong>and less prone to disorders. Your hair will now remain softer and smoother than ever, as this Two in One Shampoo <strong>provides hydration to your hair </strong>and scalp to keep them moisturized. Also, by <strong>dislodging the impurities</strong> and grime present in your hair, this nourishing Garnier Fructis Shampoo refreshed and cleansed.</p><p><strong>Directions for Use</strong></p><p>	Apply on damp hair.<br/>	Lather well and rinse off.</p><p>	 </p> </div><div style="clear: both;"></div></div>,<div class="item_left_column" id="specifications"><h3 class="item_desc_title fk-uppercase">        Specifications of Garnier Fructis Strengthening Shampoo + Oil 2 in 1 (340 ml)    </h3><table cellspacing="0" class="fk-specs-type2"><tr><th class="group-head" colspan="2">Shampoo Traits</th></tr><tr class=""><td class="specs-key">Applied For</td><td class="specs-value fk-data">Hair Fall</td></tr></table><table cellspacing="0" class="fk-specs-type2"><tr><th class="group-head" colspan="2">General Traits</th></tr><tr class=""><td class="specs-key">Brand</td><td class="specs-value fk-data">Garnier</td></tr><tr class=""><td class="specs-key">Ideal For</td><td class="specs-value fk-data">Unisex</td></tr><tr class=""><td class="specs-key">Container Type</td><td class="specs-value fk-data">Bottle</td></tr><tr class=""><td class="specs-key">Quantity</td><td class="specs-value fk-data">340 ml</td></tr><tr class=""><td class="specs-key">Model Name</td><td class="specs-value fk-data">Fructis Strengthening Shampoo + Oil 2 in 1</td></tr></table><table cellspacing="0" class="fk-specs-type2"><tr><th class="group-head" colspan="2">Additional Traits</th></tr><tr class=""><td class="specs-key"> </td><td class="specs-value fk-data">Nourishes Hair, Cleans and Strengthens Hair Fibres</td></tr></table></div>
15:02:2014,hair-care,Garnier.,Garnier Fructis Long & Strong Strengthening Shampoo,Rs. 199,http://img5a.flixcart.com/image/shampoo/y/g/z/garnier-340-fructis-long-strong-strengthening-shampoo-400x400-imadnv83cbd6zmge.jpeg,(340 ml),Rs. 199,WS Retail,http://www.flipkart.com/garnier-fructis-long-strong-strengthening-shampoo/p/itmdg4gafknuxg3q?pid=SMPD9NASUVYBAYGZ&srno=b_3&ref=da19d968-23c2-49ef-95dc-e08708d86f5f,LSTSMPD9NASUVYBAYGZDB8P0L,340 ml 640 ml,<div class="item_left_column" id="description"><h3 class="item_desc_title fk-uppercase">Garnier Fructis Long &amp; Strong Strengthening Shampoo (340 ml)         Price: Rs.199</h3><div class="cls"></div><div class="item_desc_text line"><div style="float:right"></div><p style="text-align: justify;">	A shampoo that perfectly nourishes your hair and leaves a beautiful shine is this Fructis Long and Strong Fortifying Shampoo from Garnier. For all those men and women longing to attain that silky smooth hair, this Long and Strong Fortifying Shampoo could be an apt choice. Enriched with active ingredients, this<strong> Garnier Fructis Long and Strong Fortifying Shampoo</strong> improves the texture of your hair and provides the perfect replenishment. Also, this Strong Fortifying Shampoo is an <strong>ideal solution for split ends.</strong></p><p style="text-align: justify;">	Besides naturally cleansing your hair, this Garnier Shampoo penetrates deep into the scalp and conditions your hair from root to tip. This Garnier Fructis Fortifying Shampoo <strong>strengthens your hair </strong>and also treats your dull hair, leaving it lustrous. Additionally, this Long and Strong Fortifying Shampoo adds the desired amount of moisture and makes your hair soft and supple. This Garnier Fructis Long and Strong Shampoo is <strong>suitable for all hair types</strong> and also leaves a pleasant fragrance on your hair.</p><p style="text-align: justify;"><strong>Directions for Use</strong></p><ul><li style="text-align: justify;">		Take an adequate amount of this shampoo onto your palm.</li><li style="text-align: justify;">		Massage gently on wet hair and work up a lather.</li><li style="text-align: justify;">		Rinse off.</li></ul> </div><div style="clear: both;"></div></div>,<div class="item_left_column" id="specifications"><h3 class="item_desc_title fk-uppercase">        Specifications of Garnier Fructis Long &amp; Strong Strengthening Shampoo (340 ml)    </h3><table cellspacing="0" class="fk-specs-type2"><tr><th class="group-head" colspan="2">Shampoo Traits</th></tr><tr class=""><td class="specs-key">Ideal For</td><td class="specs-value fk-data">Unisex</td></tr><tr class=""><td class="specs-key">Applied For</td><td class="specs-value fk-data">Split Ends</td></tr><tr class=""><td class="specs-key">Hair Type</td><td class="specs-value fk-data">All Hair Types</td></tr></table><table cellspacing="0" class="fk-specs-type2"><tr><th class="group-head" colspan="2">General Traits</th></tr><tr class=""><td class="specs-key">Brand</td><td class="specs-value fk-data">Garnier</td></tr><tr class=""><td class="specs-key">Container Type</td><td class="specs-value fk-data">Bottle</td></tr><tr class=""><td class="specs-key">Quantity</td><td class="specs-value fk-data">340 ml</td></tr><tr class=""><td class="specs-key">Model Name</td><td class="specs-value fk-data">Fructis Long &amp; Strong Strengthening Shampoo</td></tr><tr class=""><td class="specs-key">Other Traits</td><td class="specs-value fk-data">Smoothens Hair</td></tr></table></div>
15:02:2014,hair-care,Garnier.,Garnier Fructis Strengthening Silky Straight Shampoo,Rs. 199,http://img6a.flixcart.com/image/shampoo/s/g/p/garnier-375-fructis-strengthening-silky-straight-shampoo-400x400-imadnv83kwhnvv9a.jpeg,(340 ml),Rs. 199,WS Retail,http://www.flipkart.com/garnier-fructis-strengthening-silky-straight-shampoo/p/itmd9nb4qehepbnk?pid=SMPD9NAS6GBXASGP&srno=b_4&ref=da19d968-23c2-49ef-95dc-e08708d86f5f,LSTSMPD9NAS6GBXASGPOXOOFT,340 ml,<div class="item_left_column" id="description"><h3 class="item_desc_title fk-uppercase">Garnier Fructis Strengthening Silky Straight Shampoo (340 ml)         Price: Rs.199</h3><div class="cls"></div><div class="item_desc_text line"><div style="float:right"></div><p>	Washing your hair regularly with a shampoo not only keeps your hair refreshed and clean but it also makes sure that your scalp and hair is nourished. A good shampoo will feed nutrition to your hair and not strip it of its natural beauty. Welcome the all new <strong>Garnier Fructis Strengthening Silky Straight Shampoo</strong>, it will show your hair a whole new level of nourishment and pampering. Both men and women have bad hair days, it's those irritating mornings when nothing you do can <strong>tame those wild locks</strong> and even worse it doesn’t even look good. Leave rough unmanageable hair to the care of this Garnier number and you will see how your <strong>hair is transformed instantly</strong>.</p><p>	The <strong>active fruit concentrates</strong> in this shampoo will make sure that your hair is kept healthy by feeding your roots with nutrition so each strand is deep rooted and cannot be removed easily. Rough hair can give you a very messy look and change the impression that people have of you. Use this Silky Straight shampoo and watch as it <strong>smoothes your hair</strong> and keeps it looking sleek all the time so you are ever ready for first impressions. Don’t treat your hair with chemicals and harsh treatments to<strong> achieve that silky sleek look</strong>, instead invest in this nourishing shampoo and obtained locks that look and feel like silk. The shampoo has been <strong>formulated to suit all hair types</strong> so every single member of your family can now benefit from this fruit infused shampoo.</p> </div><div style="clear: both;"></div></div>,<div class="item_left_column" id="specifications"><h3 class="item_desc_title fk-uppercase">        Specifications of Garnier Fructis Strengthening Silky Straight Shampoo (340 ml)    </h3><table cellspacing="0" class="fk-specs-type2"><tr><th class="group-head" colspan="2">Shampoo Traits</th></tr><tr class=""><td class="specs-key">Applied For</td><td class="specs-value fk-data">Rough Hair, Hair Strengthening</td></tr><tr class=""><td class="specs-key">Hair Type</td><td class="specs-value fk-data">All Hair Types</td></tr><tr class=""><td class="specs-key">Composition</td><td class="specs-value fk-data">Active Fruit Concentrate</td></tr></table><table cellspacing="0" class="fk-specs-type2"><tr><th class="group-head" colspan="2">General Traits</th></tr><tr class=""><td class="specs-key">Brand</td><td class="specs-value fk-data">Garnier</td></tr><tr class=""><td class="specs-key">Ideal For</td><td class="specs-value fk-data">Unisex</td></tr><tr class=""><td class="specs-key">Container Type</td><td class="specs-value fk-data">Bottle</td></tr><tr class=""><td class="specs-key">Quantity</td><td class="specs-value fk-data">340 ml</td></tr><tr class=""><td class="specs-key">Model Name</td><td class="specs-value fk-data">Fructis Strengthening Silky Straight Shampoo</td></tr></table></div>
15:02:2014,hair-care,Garnier.,Garnier Fructis Goodbye Damage Strengthening Shampoo,Rs. 210,http://img6a.flixcart.com/image/shampoo/z/s/3/garnier-340-fructis-goodbye-damage-strengthening-shampoo-400x400-imadjtkqghypdkjn.jpeg,(340 ml),Rs. 210,WS Retail,http://www.flipkart.com/garnier-fructis-goodbye-damage-strengthening-shampoo/p/itmdjtkdvhbhhgcn?pid=SMPDJTKACYYDYZS3&srno=b_6&ref=da19d968-23c2-49ef-95dc-e08708d86f5f,LSTSMPDJTKACYYDYZS3PHYWZM,340 ml,None,<div class="item_left_column" id="specifications"><h3 class="item_desc_title fk-uppercase">        Specifications of Garnier Fructis Goodbye Damage Strengthening Shampoo (340 ml)    </h3><table cellspacing="0" class="fk-specs-type2"><tr><th class="group-head" colspan="2">Shampoo Traits</th></tr><tr class=""><td class="specs-key">Applied For</td><td class="specs-value fk-data">Damage Repair</td></tr><tr class=""><td class="specs-key">Hair Condition</td><td class="specs-value fk-data">Damaged Hair</td></tr><tr class=""><td class="specs-key">Composition</td><td class="specs-value fk-data">Amla, Fruit Vitamins</td></tr></table><table cellspacing="0" class="fk-specs-type2"><tr><th class="group-head" colspan="2">General Traits</th></tr><tr class=""><td class="specs-key">Brand</td><td class="specs-value fk-data">Garnier</td></tr><tr class=""><td class="specs-key">Ideal For</td><td class="specs-value fk-data">Men, Women</td></tr><tr class=""><td class="specs-key">Container Type</td><td class="specs-value fk-data">Bottle</td></tr><tr class=""><td class="specs-key">Quantity</td><td class="specs-value fk-data">340 ml</td></tr><tr class=""><td class="specs-key">Model Name</td><td class="specs-value fk-data">Fructis Goodbye Damage Strengthening Shampoo</td></tr></table><table cellspacing="0" class="fk-specs-type2"><tr><th class="group-head" colspan="2">Additional Traits</th></tr><tr class=""><td class="specs-key"> </td><td class="specs-value fk-data">Repairs Damaged and Lifeless Hair, Seals Cuticle and Protects Hair Fiber, Ideal for Daily Use, Repairs Hair from Inside-out and Seals-in Damage Cracks</td></tr></table></div>
15:02:2014,hair-care,Garnier.,Garnier Fructis Goodbye Damage Treatment,Price: Not Available,http://img6a.flixcart.com/image/hair-serum/y/r/w/garnier-50-fructis-goodbye-damage-treatment-400x400-imadrcejhpuhabqg.jpeg,(50 ml),Price: Not Available,WS Retail,http://www.flipkart.com/garnier-fructis-goodbye-damage-treatment/p/itmdrbmvfck23hm8?pid=HSMDRBMZ7WBNEYRW&srno=b_7&ref=da19d968-23c2-49ef-95dc-e08708d86f5f,no sku defined,No size defined,<div class="item_left_column" id="description"><h3 class="item_desc_title fk-uppercase">Garnier Fructis Goodbye Damage Treatment (50 ml)        </h3><div class="cls"></div><div class="item_desc_text line"><div style="float:right"></div>                        This season, don?t lose your head over split ends for Garnier brings this ?Fructis Goodbye Damage Split Ends Serum?. Its active ingredient, keratphyll, along with the unique blend of vitamins and amino acids, will not only seal and bind your split ends, but will also make your hair silky smooth and beautifully shining.        </div><div style="clear: both;"></div></div>,<div class="item_left_column" id="specifications"><h3 class="item_desc_title fk-uppercase">        Specifications of Garnier Fructis Goodbye Damage Treatment (50 ml)    </h3><table cellspacing="0" class="fk-specs-type2"><tr><th class="group-head" colspan="2">Hair Serum Traits</th></tr><tr class=""><td class="specs-key">Hair Type</td><td class="specs-value fk-data">All Hair Types</td></tr></table><table cellspacing="0" class="fk-specs-type2"><tr><th class="group-head" colspan="2">General Traits</th></tr><tr class=""><td class="specs-key">Container Type</td><td class="specs-value fk-data">Bottle</td></tr><tr class=""><td class="specs-key">Quantity</td><td class="specs-value fk-data">50 ml</td></tr></table></div>
15:02:2014,hair-care,Garnier.,Garnier Volume Extend Fortifying Shampoo - Imported,Rs. 2300,http://img5a.flixcart.com/image/shampoo/c/m/8/garnier-750-volume-extend-fortifying-400x400-imads9vtxjj8hh5s.jpeg,(750 ml),Rs. 2300,Caart2India,http://www.flipkart.com/garnier-volume-extend-fortifying-shampoo-imported/p/itmds9f5qreqfj4f?pid=SMPDS9F2GZBZFCM8&srno=b_8&ref=da19d968-23c2-49ef-95dc-e08708d86f5f,LSTSMPDS9F2GZBZFCM8J7CZHY,384 ml 750 ml,<div class="item_left_column" id="description"><h3 class="item_desc_title fk-uppercase">Garnier Volume Extend Fortifying Shampoo - Imported (750 ml)         Price: Rs.2300</h3><div class="cls"></div><div class="item_desc_text line"><div style="float:right"></div>                        Garnier Fructis Haircare Volume Extend Fortifying Shampoo for Fine or Flat Hair 25. 4 fl oz (750 ml). Extends Volume A Full 24 Hours Won t Weigh Hair DownNatural Fruit Fibers Cucumber and Papaya ExtractsLose volume as hair gets weighed down throughout the day Garnier Fructis Volume Extend Conditioner s ultra-light formula with natural fruit fibers papaya and cucumber extracts strengthens while it thickens hair. the formula with invisible fruit fibers wraps each strand to thicken hair lifting from the roots amp strengthening along the lengths to extend volume for long-lasting fullness. Garnier s Eco-Fructis bottle contains 30% recycled plastic. Recycle this bottle to help decrease landfill waste. Garnier Fructis Volume Extend System of shampoo and conditioner plus dry shampoo used later when needed to refresh hair over a 24 hour period.        </div><div style="clear: both;"></div></div>,<div class="item_left_column" id="specifications"><h3 class="item_desc_title fk-uppercase">        Specifications of Garnier Volume Extend Fortifying Shampoo - Imported (750 ml)    </h3><table cellspacing="0" class="fk-specs-type2"><tr><th class="group-head" colspan="2">General Traits</th></tr><tr class=""><td class="specs-key">Brand</td><td class="specs-value fk-data">Garnier</td></tr><tr class=""><td class="specs-key">Quantity</td><td class="specs-value fk-data">750 ml</td></tr><tr class=""><td class="specs-key">Model Name</td><td class="specs-value fk-data">Volume Extend Fortifying Shampoo - Imported</td></tr></table></div>
15:02:2014,hair-care,Garnier.,Garnier Fructis Fortifying Long & Strong Shampoo with Offer,Rs. 220,http://img6a.flixcart.com/image/shampoo/c/y/c/garnier-340-fructis-fortifying-long-strong-shampoo-with-offer-400x400-imadhkv2rzgum35g.jpeg,(340 ml),Rs. 220,Makeupshades,http://www.flipkart.com/garnier-fructis-fortifying-long-strong-shampoo-offer/p/itmdhktdvrzzttxf?pid=SMPDHKTCJAYXVCYC&srno=b_10&ref=da19d968-23c2-49ef-95dc-e08708d86f5f,LSTSMPDHKTCJAYXVCYCK45Y8F,340 ml,None,<div class="item_left_column" id="specifications"><h3 class="item_desc_title fk-uppercase">        Specifications of Garnier Fructis Fortifying Long &amp; Strong Shampoo with Offer (340 ml)    </h3><table cellspacing="0" class="fk-specs-type2"><tr><th class="group-head" colspan="2">Shampoo Traits</th></tr><tr class=""><td class="specs-key">Applied For</td><td class="specs-value fk-data">Daily Care, Split-ends</td></tr></table><table cellspacing="0" class="fk-specs-type2"><tr><th class="group-head" colspan="2">General Traits</th></tr><tr class=""><td class="specs-key">Brand</td><td class="specs-value fk-data">Garnier</td></tr><tr class=""><td class="specs-key">Ideal For</td><td class="specs-value fk-data">Men, Women</td></tr><tr class=""><td class="specs-key">Container Type</td><td class="specs-value fk-data">Bottle</td></tr><tr class=""><td class="specs-key">Quantity</td><td class="specs-value fk-data">340 ml</td></tr><tr class=""><td class="specs-key">Model Name</td><td class="specs-value fk-data">Fructis Fortifying Long &amp; Strong Shampoo with Offer</td></tr></table><table cellspacing="0" class="fk-specs-type2"><tr><th class="group-head" colspan="2">Additional Traits</th></tr><tr class=""><td class="specs-key"> </td><td class="specs-value fk-data">Strengthens Hair Fibre, Daily Use, Anti-breakage, Anti Split-ends, Smoothes Hair from Root to Tip</td></tr></table></div>
15:02:2014,hair-care,Garnier.,Garnier Fructis Normal Hair Fortifying Shampoo with Offer,Rs. 220,http://img6a.flixcart.com/image/shampoo/g/n/z/garnier-340-fructis-normal-hair-fortifying-shampoo-with-offer-400x400-imadhkv2vbnfsuzw.jpeg,(340 ml),Rs. 220,Makeupshades,http://www.flipkart.com/garnier-fructis-normal-hair-fortifying-shampoo-offer/p/itmdhktdzxafbksr?pid=SMPDHKTC57HWVGNZ&srno=b_9&ref=da19d968-23c2-49ef-95dc-e08708d86f5f,LSTSMPDHKTC57HWVGNZRFNMWW,340 ml,None,<div class="item_left_column" id="specifications"><h3 class="item_desc_title fk-uppercase">        Specifications of Garnier Fructis Normal Hair Fortifying Shampoo with Offer (340 ml)    </h3><table cellspacing="0" class="fk-specs-type2"><tr><th class="group-head" colspan="2">Shampoo Traits</th></tr><tr class=""><td class="specs-key">Ideal For</td><td class="specs-value fk-data">Men, Women</td></tr><tr class=""><td class="specs-key">Applied For</td><td class="specs-value fk-data">Daily Care, Hair Shine</td></tr><tr class=""><td class="specs-key">Hair Type</td><td class="specs-value fk-data">Normal Hair</td></tr><tr class=""><td class="specs-key">Composition</td><td class="specs-value fk-data">Vitamin B6, Active Fruit Concentrate, Vitamin B3, Grapefruit Essence</td></tr></table><table cellspacing="0" class="fk-specs-type2"><tr><th class="group-head" colspan="2">General Traits</th></tr><tr class=""><td class="specs-key">Brand</td><td class="specs-value fk-data">Garnier</td></tr><tr class=""><td class="specs-key">Container Type</td><td class="specs-value fk-data">Bottle</td></tr><tr class=""><td class="specs-key">Quantity</td><td class="specs-value fk-data">340 ml</td></tr><tr class=""><td class="specs-key">Model Name</td><td class="specs-value fk-data">Fructis Normal Hair Fortifying Shampoo with Offer</td></tr><tr class=""><td class="specs-key">Other Traits</td><td class="specs-value fk-data">Daily Use, Provides Stronger and Shinier Hair, Provides Strength to Heart of Hair Fibre and All-day Freshness</td></tr></table></div>
15:02:2014,hair-care,Garnier.,Garnier Sleek & Shine Shampoo - Imported,Rs. 1700,http://img6a.flixcart.com/image/shampoo/z/m/k/garnier-390-sleek-shine-400x400-imads9vtbxakubhe.jpeg,(390 ml),Rs. 1700,Caart2India,http://www.flipkart.com/garnier-sleek-shine-shampoo-imported/p/itmdsa3yva5v9awe?pid=SMPDS9F2GZ4WUZMK&srno=b_11&ref=da19d968-23c2-49ef-95dc-e08708d86f5f,LSTSMPDS9F2GZ4WUZMKZKHLSQ,390 ml 750 ml,<div class="item_left_column" id="description"><h3 class="item_desc_title fk-uppercase">Garnier Sleek &amp; Shine Shampoo - Imported (390 ml)         Price: Rs.1700</h3><div class="cls"></div><div class="item_desc_text line"><div style="float:right"></div>                        Garnier Fructis Haircare Sleek &amp; Shine Shampoo 13 fl oz (384. 4 g). Frizzy dry unmanageable hairArgan Oil from Moracco and Apricot Smoothes for long-lasting frizz control and shineWant a smooth look and frizz-control that lasts Get our ultimate sleek. Fructis Sleek and Shine: the formula with argan oil from Moracco and apricot soaks deep into frizzy dry hair to smooth each strand. conditions deeply to stay sleek with long-lasting frizz controlsmoothes the surface for hair that is so much shinierProven to PerformGet 10x smoother Stay sleek for 3 days Even in 97% Humidity in a combing test and a frizz test when using Garnier Fructis Sleek amp Shine System of Shampoo Conditioner and Anti-Frizz Serum compared to a non-conditioning shampoo.        </div><div style="clear: both;"></div></div>,<div class="item_left_column" id="specifications"><h3 class="item_desc_title fk-uppercase">        Specifications of Garnier Sleek &amp; Shine Shampoo - Imported (390 ml)    </h3><table cellspacing="0" class="fk-specs-type2"><tr><th class="group-head" colspan="2">General Traits</th></tr><tr class=""><td class="specs-key">Brand</td><td class="specs-value fk-data">Garnier</td></tr><tr class=""><td class="specs-key">Quantity</td><td class="specs-value fk-data">390 ml</td></tr><tr class=""><td class="specs-key">Model Name</td><td class="specs-value fk-data">Sleek &amp; Shine Shampoo - Imported</td></tr></table></div>
15:02:2014,hair-care,Garnier.,Garnier Daily Care Shampoo - Imported,Rs. 1800,http://img6a.flixcart.com/image/shampoo/h/d/e/garnier-390-daily-care-400x400-imads9vtskahknm3.jpeg,(390 ml),Rs. 1800,Caart2India,http://www.flipkart.com/garnier-daily-care-shampoo-imported/p/itmdsa3ykrzuun9u?pid=SMPDS9F2BQ9BNHDE&srno=b_12&ref=da19d968-23c2-49ef-95dc-e08708d86f5f,LSTSMPDS9F2BQ9BNHDEFHTZHR,390 ml,<div class="item_left_column" id="description"><h3 class="item_desc_title fk-uppercase">Garnier Daily Care Shampoo - Imported (390 ml)         Price: Rs.1800</h3><div class="cls"></div><div class="item_desc_text line"><div style="float:right"></div>                        Garnier Fructis Haircare Daily Care Shampoo 13 fl oz (384. 4 g). Fortifying Shampoonormal hairnew formulagrapefruit antioxidant natural protein strengthens and energizes for healthy shine Want healthier shinier hair Get an extra boost of strength and energy. Fructis Daily Care: the formula with grapefruit antioxidant and natural protein fortifies hair for touchable softness and is gentle enough for everyday use. works deep to strengthen hair from the insideconditions the surface for healthy shine Proven to Performhair is up to 15x strongerso much shiniertouchably soft Create and control any style you want with Garnier Fructis Style. Garnier Fructis Daily Care System of Shampoo Conditioner and Silky Secret Leave-In in a brushing test that measures breakage and a combing test compared to a non-conditioning shampoo.        </div><div style="clear: both;"></div></div>,<div class="item_left_column" id="specifications"><h3 class="item_desc_title fk-uppercase">        Specifications of Garnier Daily Care Shampoo - Imported (390 ml)    </h3><table cellspacing="0" class="fk-specs-type2"><tr><th class="group-head" colspan="2">General Traits</th></tr><tr class=""><td class="specs-key">Brand</td><td class="specs-value fk-data">Garnier</td></tr><tr class=""><td class="specs-key">Quantity</td><td class="specs-value fk-data">390 ml</td></tr><tr class=""><td class="specs-key">Model Name</td><td class="specs-value fk-data">Daily Care Shampoo - Imported</td></tr></table></div>
15:02:2014,hair-care,Garnier.,Garnier Fall Fight Fortifying Shampoo - Imported,Rs. 1700,http://img6a.flixcart.com/image/shampoo/g/r/h/garnier-384-fall-fight-fortifying-400x400-imads9vucjw7fufj.jpeg,(384 ml),Rs. 1700,Caart2India,http://www.flipkart.com/garnier-fall-fight-fortifying-shampoo-imported/p/itmds9f5gfgbb37y?pid=SMPDS9F2YKKSKGRH&srno=b_13&ref=da19d968-23c2-49ef-95dc-e08708d86f5f,LSTSMPDS9F2YKKSKGRHKGMPY7,384 ml 750 ml,<div class="item_left_column" id="description"><h3 class="item_desc_title fk-uppercase">Garnier Fall Fight Fortifying Shampoo - Imported (384 ml)         Price: Rs.1700</h3><div class="cls"></div><div class="item_desc_text line"><div style="float:right"></div>                        Garnier Fructis Haircare Fall Fight Fortifying Shampoo for Falling Breaking Hair 13 fl oz (384 ml). Strengthen Hair from the Inside Out to Reduce BreakageSave up to 1500 strands of hair per month Fuller-looking hair after just one useNoticing hair in your bathroom sink or brush Fight back with the new fall fight 3-step system Fall fight from Garnier Fructis helps improve hair s resistance to everyday hair-fall. the formulas with energizing caffeine fortifying biotin and fruit vitamins strengthen hair from root to ends reducing falling breaking strands. the result is stronger fuller-looking hair. When using the Fall Fight 3-Step System of Shampoo Conditioner and Strand Saver Anti-Breakage Spray. Made in USA        </div><div style="clear: both;"></div></div>,<div class="item_left_column" id="specifications"><h3 class="item_desc_title fk-uppercase">        Specifications of Garnier Fall Fight Fortifying Shampoo - Imported (384 ml)    </h3><table cellspacing="0" class="fk-specs-type2"><tr><th class="group-head" colspan="2">General Traits</th></tr><tr class=""><td class="specs-key">Brand</td><td class="specs-value fk-data">Garnier</td></tr><tr class=""><td class="specs-key">Quantity</td><td class="specs-value fk-data">384 ml</td></tr><tr class=""><td class="specs-key">Model Name</td><td class="specs-value fk-data">Fall Fight Fortifying Shampoo - Imported</td></tr></table></div>
15:02:2014,hair-care,Garnier.,Garnier Fortifying Shampoo - Imported,Rs. 1700,http://img5a.flixcart.com/image/shampoo/b/f/f/garnier-384-fortifying-400x400-imads9vtzpka5gch.jpeg,(384 ml),Rs. 1700,Caart2India,http://www.flipkart.com/garnier-fortifying-shampoo-imported/p/itmdsa3f9rnh2vyc?pid=SMPDS9F2CEGMHBFF&srno=b_14&ref=da19d968-23c2-49ef-95dc-e08708d86f5f,LSTSMPDS9F2CEGMHBFFHQPWMC,384 ml 752 ml,<div class="item_left_column" id="description"><h3 class="item_desc_title fk-uppercase">Garnier Fortifying Shampoo - Imported (384 ml)         Price: Rs.1700</h3><div class="cls"></div><div class="item_desc_text line"><div style="float:right"></div>                        Garnier Fructis Haircare Fortifying Shampoo Color Shield 13 fl oz (384 ml). For Color-Treated HairAcai Berry amp Grape Seed Oil UVA amp UVB Protectant Protects color amp nourishes for vibrant shineWant color that stays bold amp brilliant longer Protect amp nourish hair so color stays vibrant. Fructis Color ShieldThe formula with acai berry antioxidant and grape seed oil works two ways to protect color and prevent dryness. Locks color in longer to fight fade-out. Penetrates deep to nourish and make hair so much shinier. Proven to Perform:Color stays brilliant Hair is silky amp softEven after 48 washesFor hair that shines with all its strength. We re getting greener New Eco-Fructis bottleBottle contains 30% recycled plastic Made of PET the most widely recycled plastic Recycle this bottle to help decrease landfill wasteRemove cap before recycling        </div><div style="clear: both;"></div></div>,<div class="item_left_column" id="specifications"><h3 class="item_desc_title fk-uppercase">        Specifications of Garnier Fortifying Shampoo - Imported (384 ml)    </h3><table cellspacing="0" class="fk-specs-type2"><tr><th class="group-head" colspan="2">General Traits</th></tr><tr class=""><td class="specs-key">Brand</td><td class="specs-value fk-data">Garnier</td></tr><tr class=""><td class="specs-key">Quantity</td><td class="specs-value fk-data">384 ml</td></tr><tr class=""><td class="specs-key">Model Name</td><td class="specs-value fk-data">Fortifying Shampoo - Imported</td></tr></table></div>
15:02:2014,hair-care,Garnier.,Garnier Hydra Recharge Fortifying Shampoo - Imported,Rs. 2300,http://img5a.flixcart.com/image/shampoo/p/c/f/garnier-750-hydra-recharge-fortifying-400x400-imads9vtrdsrse4q.jpeg,(750 ml),Rs. 2300,Caart2India,http://www.flipkart.com/garnier-hydra-recharge-fortifying-shampoo-imported/p/itmds9f4v5mf8ytu?pid=SMPDS9F2XZDHGPCF&srno=b_15&ref=da19d968-23c2-49ef-95dc-e08708d86f5f,LSTSMPDS9F2XZDHGPCFCWEEJB,384 ml 750 ml,<div class="item_left_column" id="description"><h3 class="item_desc_title fk-uppercase">Garnier Hydra Recharge Fortifying Shampoo - Imported (750 ml)         Price: Rs.2300</h3><div class="cls"></div><div class="item_desc_text line"><div style="float:right"></div>                        Garnier Fructis Haircare Hydra Recharge Fortifying Shampoo for Normal to Dry Hair 25. 4 fl oz (750 ml). Experience a Powerful New Burst of HydrationRecharges with a Powerful Burst of HydrationHair is WeightlessSilky for Up to 2 DaysGarnier Fructis Hydra Recharge is the 1st shampoo with encapsulated beads of superfruits goji berry passion fruit and kiwi. this revolutionary formula instantly recharges dry hair with high-performance weightless moisture. Hair is weightlessly silky for up to 2 days. Garnier s Eco-Fructis bottle contains 30% recycled plastic. Recycle this bottle to help decrease landfill waste.        </div><div style="clear: both;"></div></div>,<div class="item_left_column" id="specifications"><h3 class="item_desc_title fk-uppercase">        Specifications of Garnier Hydra Recharge Fortifying Shampoo - Imported (750 ml)    </h3><table cellspacing="0" class="fk-specs-type2"><tr><th class="group-head" colspan="2">General Traits</th></tr><tr class=""><td class="specs-key">Brand</td><td class="specs-value fk-data">Garnier</td></tr><tr class=""><td class="specs-key">Quantity</td><td class="specs-value fk-data">750 ml</td></tr><tr class=""><td class="specs-key">Model Name</td><td class="specs-value fk-data">Hydra Recharge Fortifying Shampoo - Imported</td></tr></table></div>
15:02:2014,hair-care,Garnier.,Garnier Triple Nutrition Fortifying Shampoo - Imported,Rs. 2300,http://img5a.flixcart.com/image/shampoo/z/r/2/garnier-750-triple-nutrition-fortifying-400x400-imads9vt9bhcnhgg.jpeg,(750 ml),Rs. 2300,Caart2India,http://www.flipkart.com/garnier-triple-nutrition-fortifying-shampoo-imported/p/itmdsa32ehprcygg?pid=SMPDS9F2Q5HVBZR2&srno=b_16&ref=aa4ffd4e-ee5a-4779-8c70-2605b11506a4,LSTSMPDS9F2Q5HVBZR2KH3XD0,750 ml,<div class="item_left_column" id="description"><h3 class="item_desc_title fk-uppercase">Garnier Triple Nutrition Fortifying Shampoo - Imported (750 ml)         Price: Rs.2300</h3><div class="cls"></div><div class="item_desc_text line"><div style="float:right"></div>                        Garnier Fructis Haircare Triple Nutrition Fortifying Shampoo for Dry to Over-Dried or Damaged Hair 25. 4 fl oz (750 ml). For Dry to Over-Dried or Damaged Hair3 Nutritive Fruit Oils - Olive Avocado amp Shea Forties amp infuses with nutrients for silky hair full of life. Is your hair dry over-dried or damaged Feel unhealthy to the touch It needs nourishment without being weighed down. Fructis Triple NutritionThe 3 nutritive fruit oils penetrate to nourish every strand to the core. 3 Fruit Oils for Triple Nutrition:Olive Oil - Nourishes the inner core Avocado Oil- Nourishes and softens the middle layer Shea Oil- Nourishes and smoothes the surface. Results: Triple nutrition for dry over-dried or damaged hair. Hair is silky radiant and full of life. Create and control any style you want with Garnier Fructis Style. Questions 1-800-4Garnier 1-800-442-7643 or visit garnier.        </div><div style="clear: both;"></div></div>,<div class="item_left_column" id="specifications"><h3 class="item_desc_title fk-uppercase">        Specifications of Garnier Triple Nutrition Fortifying Shampoo - Imported (750 ml)    </h3><table cellspacing="0" class="fk-specs-type2"><tr><th class="group-head" colspan="2">General Traits</th></tr><tr class=""><td class="specs-key">Brand</td><td class="specs-value fk-data">Garnier</td></tr><tr class=""><td class="specs-key">Quantity</td><td class="specs-value fk-data">750 ml</td></tr><tr class=""><td class="specs-key">Model Name</td><td class="specs-value fk-data">Triple Nutrition Fortifying Shampoo - Imported</td></tr></table></div>
15:02:2014,hair-care,Garnier.,Garnier Volume Extend Instant Bodifier Dry Shampoo - Imported,Rs. 1700,http://img6a.flixcart.com/image/shampoo/h/w/y/garnier-101-volume-extend-instant-bodifier-dry-400x400-imads9vt4qt2z8yz.jpeg,(101 ml),Rs. 1700,Caart2India,http://www.flipkart.com/garnier-volume-extend-instant-bodifier-dry-shampoo-imported/p/itmdsa32pvzwcqrd?pid=SMPDS9F2XZZ9BHWY&srno=b_17&ref=aa4ffd4e-ee5a-4779-8c70-2605b11506a4,LSTSMPDS9F2XZZ9BHWYIW6EIZ,101 ml,<div class="item_left_column" id="description"><h3 class="item_desc_title fk-uppercase">Garnier Volume Extend Instant Bodifier Dry Shampoo - Imported (101 ml)         Price: Rs.1700</h3><div class="cls"></div><div class="item_desc_text line"><div style="float:right"></div>                        Garnier Fructis Haircare Volume Extend Instant Bodifier Dry Shampoo for Fine or Flat Hair 3. 4 oz (96 g). Extends Volume a Full 24 Hours Orange CitrusGrape ExtractInvisible dry shampoo immediately revives and refreshes hair adds texture and creates volume you can see and feel. Looking for a fast way to refresh and extend your volume Garnier Fructis Volume Extend Dry Shampoo containing a blend of orange citrus and grape extract immediately refreshes and bodifies lifeless locks instantly creating volume you can see and feel. Just spray into flat hair and comb or brush through to absorb oil instantly eliminate weight and refresh your volume anytime day or night. Garnier Fructis Volume Extend System of shampoo and conditioner plus dry shampoo used later when needed to refresh hair over a 24 hour period.        </div><div style="clear: both;"></div></div>,<div class="item_left_column" id="specifications"><h3 class="item_desc_title fk-uppercase">        Specifications of Garnier Volume Extend Instant Bodifier Dry Shampoo - Imported (101 ml)    </h3><table cellspacing="0" class="fk-specs-type2"><tr><th class="group-head" colspan="2">General Traits</th></tr><tr class=""><td class="specs-key">Brand</td><td class="specs-value fk-data">Garnier</td></tr><tr class=""><td class="specs-key">Quantity</td><td class="specs-value fk-data">101 ml</td></tr><tr class=""><td class="specs-key">Model Name</td><td class="specs-value fk-data">Volume Extend Instant Bodifier Dry Shampoo - Imported</td></tr></table></div>
15:02:2014,hair-care,Garnier.,Garnier Triple Nutrition Extra Nourishing Cream Fortifying Shampoo - Imported,Rs. 2300,http://img5a.flixcart.com/image/shampoo/z/x/6/garnier-750-triple-nutrition-extra-nourishing-cream-fortifying-400x400-imads9vsdhgxcvff.jpeg,(750 ml),Rs. 2300,Caart2India,http://www.flipkart.com/garnier-triple-nutrition-extra-nourishing-cream-fortifying-shampoo-imported/p/itmdsa32vqk5j25y?pid=SMPDS9F2PU4VFZX6&srno=b_18&ref=aa4ffd4e-ee5a-4779-8c70-2605b11506a4,LSTSMPDS9F2PU4VFZX6NGFKX3,750 ml,<div class="item_left_column" id="description"><h3 class="item_desc_title fk-uppercase">Garnier Triple Nutrition Extra Nourishing Cream Fortifying Shampoo - Imported (750 ml)         Price: Rs.2300</h3><div class="cls"></div><div class="item_desc_text line"><div style="float:right"></div>                        Garnier Fructis Haircare Triple Nutrition Extra Nourishing Cream Fortifying Shampoo 25. 4 fl oz (750 ml). For Dry to Over-Dried or Damaged Hair3 Nutritive Fruit Oils: Olive - Nourishes the inner core Avocado - Nourishes and softens the middle layer Shea - Nourishes and smoothes the surfaceNourishes deeply amp strengthens for soft silky hair that s full of lifeIs your hair dry over-dried or damaged Feel unhealthy to the touch It needs nourishment without being weighed down. Results: Triple nutrition for dry over-dried or damaged hair. An extra rich experience for hair that s silky-soft radiant and full of life. Create and control any hair style you want with Garnier Fructis Style. Questions:garnier800-4GARNIER 800-442-7643        </div><div style="clear: both;"></div></div>,<div class="item_left_column" id="specifications"><h3 class="item_desc_title fk-uppercase">        Specifications of Garnier Triple Nutrition Extra Nourishing Cream Fortifying Shampoo - Imported (750 ml)    </h3><table cellspacing="0" class="fk-specs-type2"><tr><th class="group-head" colspan="2">General Traits</th></tr><tr class=""><td class="specs-key">Brand</td><td class="specs-value fk-data">Garnier</td></tr><tr class=""><td class="specs-key">Quantity</td><td class="specs-value fk-data">750 ml</td></tr><tr class=""><td class="specs-key">Model Name</td><td class="specs-value fk-data">Triple Nutrition Extra Nourishing Cream Fortifying Shampoo - Imported</td></tr></table></div>
15:02:2014,hair-care,Garnier.,Garnier Ultra Doux Nourishing  Hair Oil,Rs. 105,http://img5a.flixcart.com/image/hair-oil/h/u/x/garnier-200-ultra-doux-nourishing-hair-oil-400x400-imadgrpyzfc8c9w8.jpeg,(200 ml),Rs. 105,Makeupshades,http://www.flipkart.com/garnier-ultra-doux-nourishing-hair-oil/p/itmdacucj5rjmgwc?pid=HOLDACUBWY2QTHUX&srno=b_19&ref=aa4ffd4e-ee5a-4779-8c70-2605b11506a4,no sku defined,  200 ml ,<div class="item_left_column" id="description"><h3 class="item_desc_title fk-uppercase">Garnier Ultra Doux Nourishing  Hair Oil (200 ml)         Price: Rs.105</h3><div class="cls"></div><div class="item_desc_text line"><div style="float:right"></div><h3><b> Key Features </b></h3><div class="line bmargin10"><ul class="feature_bullet"><li><span>Non-greasy</span></li><li><span>Easily Washable</span></li><li><span>Makes Hair Soft, Healthy and Manageable</span></li><li><span>Provides Root Nourishment</span></li><li><span>Vitamin Enriched</span></li><li><span>Anti-dandruff</span></li> </ul></div><p style="text-align: justify;">	You can get that healthy hair with this Ultra Doux Nourishing Hair Oil from Garnier.</p><p style="text-align: justify;"><strong>Vitamin Enriched</strong></p><p style="text-align: justify;">	This oil is enriched with vitamins that improve the texture of your hair.</p><p style="text-align: justify;"><strong>Anti Dandruff</strong></p><p style="text-align: justify;">	This oil not only nourishes your locks but also prevents dandruff.</p><p style="text-align: justify;"><strong>Make hair soft, healthy and Manageable</strong></p><p style="text-align: justify;">	The rich formulation in this oil adds the desired amount of moisture and makes your hair soft and supple.</p><p style="text-align: justify;"><strong>Roots Nourishment</strong></p><p style="text-align: justify;">	This oil penetrates deep into the roost and nourishes them in the most unique way.</p><p style="text-align: justify;"><strong>Non Greasy</strong></p><p style="text-align: justify;">	You need not worry about this oil making your hair look oily as it is a non greasy oil.</p> </div><div style="clear: both;"></div></div>,<div class="item_left_column" id="specifications"><h3 class="item_desc_title fk-uppercase">        Specifications of Garnier Ultra Doux Nourishing  Hair Oil (200 ml)    </h3><table cellspacing="0" class="fk-specs-type2"><tr><th class="group-head" colspan="2">Hair Oil Traits</th></tr><tr class=""><td class="specs-key">Hair Type</td><td class="specs-value fk-data">Dry Hair</td></tr><tr class=""><td class="specs-key">Composition</td><td class="specs-value fk-data">Coconut, Wheatgerm, Almond Oil</td></tr><tr class=""><td class="specs-key">Applied For</td><td class="specs-value fk-data">Hair Strenthening</td></tr></table><table cellspacing="0" class="fk-specs-type2"><tr><th class="group-head" colspan="2">General Traits</th></tr><tr class=""><td class="specs-key">Ideal For</td><td class="specs-value fk-data">Women, Men</td></tr><tr class=""><td class="specs-key">Container Type</td><td class="specs-value fk-data">Bottle</td></tr><tr class=""><td class="specs-key">Quantity</td><td class="specs-value fk-data">200 ml</td></tr></table><table cellspacing="0" class="fk-specs-type2"><tr><th class="group-head" colspan="2">Additional Traits</th></tr><tr class=""><td class="specs-key"> </td><td class="specs-value fk-data">Nourishes Scalp and Hair, Non-greasy Texture</td></tr></table></div>
15:02:2014,hair-care,Garnier.,Garnier Strengthening Silky Straight 24/7 Conditioner,Rs. 130,http://img6a.flixcart.com/image/conditioner/q/r/y/garnier-180-strengthening-silky-straight-24-7-conditioner-400x400-imadqy7myhc6acdb.jpeg,(180 ml),Rs. 130,Makeupshades,http://www.flipkart.com/garnier-strengthening-silky-straight-24-7-conditioner/p/itmd9zyzmxzezugu?pid=CNDD9ZYZMHCNWQRY&srno=b_21&ref=aa4ffd4e-ee5a-4779-8c70-2605b11506a4,no sku defined,No size defined,<div class="item_left_column" id="description"><h3 class="item_desc_title fk-uppercase">Garnier Strengthening Silky Straight 24/7 Conditioner (180 ml)         Price: Rs.130</h3><div class="cls"></div><div class="item_desc_text line"><div style="float:right"></div><h3><b> Key Features </b></h3><div class="line bmargin10"><ul class="feature_bullet"><li><span>Keeps Hair Silky and Straight</span></li><li><span>Makes Hair Smooth and Manageable</span></li><li><span>Contains Active Fruit Concentrate</span></li><li><span>Improves Shine</span></li><li><span>Long-lasting Effect</span></li> </ul></div><p>	The key to silky straight hair comes to you in a little green bottle. This Garnier Strengthening conditioner is formulated especially for you so you never have bad hair days.</p><p><strong>Contains Active Fruit Concentrate</strong><br/>	Don’t be surprised what a little conditioner can do for your dry and malnourished hair. This conditioner brings the nutrition of fruits with an active fruit concentrate so you can enjoy the goodness of a hair mask but without the hour long, strenuous process.</p><p><strong>Keeps Hair Silky and Straight</strong><br/>	The conditioner allows your dry and frizzy hair to fall silky and straight by acting on every strand and straightening it out.</p><p><strong>Makes Hair Smooth and Manageable</strong><br/>	As conditioners do, this one too leaves your hair smoother but also the conditioner gives you a great level of control over the locks so you can style and manage them even on a humid day.</p><p><strong>Long Lasting Effect</strong><br/>	This unique conditioner comes with an intense moisture formula that ensures you are left with silky hair to flaunt all day long. The right amount of moisture balance is brought to you so your hair never runs short of a moisture blanket.<br/>	 <br/><strong>Improves Shine</strong><br/>	One of the many blessings of this Garnier conditioner is that it restores to your hair all the lost glory. Your hair’s natural shine and sheen will return with increased conditioning with this special formula.</p> </div><div style="clear: both;"></div></div>,<div class="item_left_column" id="specifications"><h3 class="item_desc_title fk-uppercase">        Specifications of Garnier Strengthening Silky Straight 24/7 Conditioner (180 ml)    </h3><table cellspacing="0" class="fk-specs-type2"><tr><th class="group-head" colspan="2">Conditioner Traits</th></tr><tr class=""><td class="specs-key">Hair Type</td><td class="specs-value fk-data">Dry Hair</td></tr><tr class=""><td class="specs-key">Composition</td><td class="specs-value fk-data">Apple Fruit, Lemon Peel, Sugar Cane, Camellia Senensis Leaf Extracts, Fructose, Glucose, Vitamin B3, Vitamin B6</td></tr><tr class=""><td class="specs-key">Applied For</td><td class="specs-value fk-data">Striaghtening &amp; Smoothening</td></tr></table><table cellspacing="0" class="fk-specs-type2"><tr><th class="group-head" colspan="2">General Traits</th></tr><tr class=""><td class="specs-key">Brand</td><td class="specs-value fk-data">Garnier</td></tr><tr class=""><td class="specs-key">Ideal For</td><td class="specs-value fk-data">Men, Women</td></tr><tr class=""><td class="specs-key">Container Type</td><td class="specs-value fk-data">Bottle</td></tr><tr class=""><td class="specs-key">Quantity</td><td class="specs-value fk-data">180 ml</td></tr><tr class=""><td class="specs-key">Model Name</td><td class="specs-value fk-data">Strengthening Silky Straight 24/7 Conditioner</td></tr></table><table cellspacing="0" class="fk-specs-type2"><tr><th class="group-head" colspan="2">Additional Traits</th></tr><tr class=""><td class="specs-key"> </td><td class="specs-value fk-data">Nourishes Hair from Roots, Strengthens Hair, Long-lasting Effect</td></tr></table></div>
15:02:2014,hair-care,Garnier.,Garnier Fructis Long & Strong Strengthening Conditioner,Rs. 130,http://img6a.flixcart.com/image/conditioner/c/g/r/garnier-180-fructis-long-strong-strengthening-conditioner-400x400-imadkyb3vzhcsyhh.jpeg,(180 g),Rs. 130,Makeupshades,http://www.flipkart.com/garnier-fructis-long-strong-strengthening-conditioner/p/itmdky8g4mgkb7b7?pid=CNDD9ZYZCFC5MCGR&srno=b_22&ref=aa4ffd4e-ee5a-4779-8c70-2605b11506a4,no sku defined,No size defined,<div class="item_left_column" id="description"><h3 class="item_desc_title fk-uppercase">Garnier Fructis Long &amp; Strong Strengthening Conditioner (180 g)         Price: Rs.130</h3><div class="cls"></div><div class="item_desc_text line"><div style="float:right"></div><p>	Girls, here’s a little secret. The key to those long and thick locks now come in a green bottle. The <strong>Garnier Fructis Long and Strong Fortifying Cream Conditioner</strong> infuses every inch of your strand with nutrition and helps them stay smooth and long. This Fortifying Cream Conditioner can also be used by men who wish to flaunt healthy looking hair. With the <strong>Garnier Fructis Long and Strong Conditioner </strong>you can give a miss to your scheduled haircut appointment at the salon as the main cause of hair breakage and split ends is addressed. You don’t have to worry about your hair being too limp or unmanageable as this <strong>Long and Strong Cream Conditioner</strong> can be used on all hair types.</p><p>	The creamy Garnier Fructis Fortifying Conditioner is enriched with active fruit concentrates that provide strength to your hair from within and <strong>reduce split ends and hair breakage </strong>when you run a comb through your hair. After exposure to pollution and sun rays, indulge your locks to some well-deserved conditioning for hair that is irresistibly smooth and tangle-free. Your tresses feel strong and smooth even at the tips. Make way for <strong>lustrous and long hair </strong>that speaks of youthful vitality with this Long and Strong Fortifying Cream Conditioner and give your tresses centre stage attention.<br/><br/><strong>Directions for Use</strong></p><ul><li>		After shampooing your hair, comb through to separate each strand.</li><li>		Apply the Garnier Fructis Cream Conditioner from root to tip and leave for 1 to 2 minutes.</li><li>		Rinse off thoroughly with cold water.</li></ul> </div><div style="clear: both;"></div></div>,<div class="item_left_column" id="specifications"><h3 class="item_desc_title fk-uppercase">        Specifications of Garnier Fructis Long &amp; Strong Strengthening Conditioner (180 g)    </h3><table cellspacing="0" class="fk-specs-type2"><tr><th class="group-head" colspan="2">Conditioner Traits</th></tr><tr class=""><td class="specs-key">Hair Type</td><td class="specs-value fk-data">All Hair Types</td></tr><tr class=""><td class="specs-key">Composition</td><td class="specs-value fk-data">Active Fruit Concentrates</td></tr><tr class=""><td class="specs-key">Applied For</td><td class="specs-value fk-data">Hair Strengthening, Conditioning</td></tr></table><table cellspacing="0" class="fk-specs-type2"><tr><th class="group-head" colspan="2">General Traits</th></tr><tr class=""><td class="specs-key">Brand</td><td class="specs-value fk-data">Garnier</td></tr><tr class=""><td class="specs-key">Ideal For</td><td class="specs-value fk-data">Women, Men</td></tr><tr class=""><td class="specs-key">Container Type</td><td class="specs-value fk-data">Bottle</td></tr><tr class=""><td class="specs-key">Quantity</td><td class="specs-value fk-data">180 g</td></tr><tr class=""><td class="specs-key">Model Name</td><td class="specs-value fk-data">Fructis Long &amp; Strong Strengthening Conditioner</td></tr></table><table cellspacing="0" class="fk-specs-type2"><tr><th class="group-head" colspan="2">Additional Traits</th></tr><tr class=""><td class="specs-key"> </td><td class="specs-value fk-data">Smoothens, Reduces Hair Breakage and Split Ends</td></tr></table></div>
15:02:2014,hair-care,Garnier.,Garnier Fructis Strengthning Silky Straight 24/7 Shampoo (Pack of 2),Price: Not Available,http://img6a.flixcart.com/image/shampoo/d/a/x/garnier-800-fructis-strengthning-silky-straight-24-7-shampoo-pack-of-2-400x400-imadzg93ynegcvzq.jpeg,(800 ml),Price: Not Available,WS Retail,http://www.flipkart.com/garnier-fructis-strengthning-silky-straight-24-7-shampoo-pack-2/p/itmdzf57r4cfkwhe?pid=SMPDZF52UCEVGDAX&srno=b_24&ref=aa4ffd4e-ee5a-4779-8c70-2605b11506a4,no sku defined,  800 ml ,<div class="item_left_column" id="description"><h3 class="item_desc_title fk-uppercase">Garnier Fructis Strengthning Silky Straight 24/7 Shampoo (Pack of 2) (800 ml)        </h3><div class="cls"></div><div class="item_desc_text line"><div style="float:right"></div>                        Garnier fructis strengthening silky straight 24/7 shampoo - tired of dry, rough and unmanageable hair want silky smooth hair for longer?use garnier fructis silky straight 24/7 shampoo - the conditioning shampoo formula is the first step to help fight frizz, transforming rough, unmanageable hair to silky smooth hair. Active fruit concentrate for long lasting effect. Quantity - 400 ml each pack        </div><div style="clear: both;"></div></div>,<div class="item_left_column" id="specifications"><h3 class="item_desc_title fk-uppercase">        Specifications of Garnier Fructis Strengthning Silky Straight 24/7 Shampoo (Pack of 2) (800 ml)    </h3><table cellspacing="0" class="fk-specs-type2"><tr><th class="group-head" colspan="2">In the Box</th></tr><tr class=""><td class="specs-value fk-data" colspan="2">2 Shampoo</td></tr></table><table cellspacing="0" class="fk-specs-type2"><tr><th class="group-head" colspan="2">General Traits</th></tr><tr class=""><td class="specs-key">Brand</td><td class="specs-value fk-data">Garnier</td></tr><tr class=""><td class="specs-key">Quantity</td><td class="specs-value fk-data">800 ml</td></tr><tr class=""><td class="specs-key">Model Name</td><td class="specs-value fk-data">Fructis Strengthning Silky Straight 24/7 Shampoo (Pack of 2)</td></tr></table></div>
15:02:2014,hair-care,Garnier.,Garnier Fructis Goodbye Damage Strengthening  Hair Oil,Rs. 110,http://img5a.flixcart.com/image/hair-oil/e/f/j/garnier-200-fructis-goodbye-damage-strengthening-hair-oil-400x400-imadjumpttbqexzb.jpeg,(200 ml),Rs. 110,Makeupshades,http://www.flipkart.com/garnier-fructis-goodbye-damage-strengthening-hair-oil/p/itmdjumjvs8pyuvx?pid=HOLDJUMGRJWEGEFJ&srno=b_20&ref=aa4ffd4e-ee5a-4779-8c70-2605b11506a4,no sku defined,  200 ml ,<div class="item_left_column" id="description"><h3 class="item_desc_title fk-uppercase">Garnier Fructis Goodbye Damage Strengthening  Hair Oil (200 ml)         Price: Rs.110</h3><div class="cls"></div><div class="item_desc_text line"><div style="float:right"></div><h3><b> Key Features </b></h3><div class="line bmargin10"><ul class="feature_bullet"><li><span>Quick Wash Hair Oil</span></li><li><span>Nourishes Hair and Scalp</span></li><li><span>Protects Hair Fiber</span></li><li><span>Makes Hair Smooth, Soft, Shiny and Manageble</span></li><li><span>Enriched with 3 Oils</span></li> </ul></div><p>	Say goodbye to damaged hair and throw side effects out of the window as this Garnier Fructis Goodbye Damage Strengthening Hair Oil is here to stay with you for better a hair care schedule.</p><p><strong>Quick Wash Hair Oil</strong><br/>	You don’t have to oil your hair the previous night, get all greased up on the face and then go through buckets of water for a thorough wash, this oil brings you the best gift ever. The quick wash formula allows you the choice of a thorough wash just hours after oiling your hair and with better softening of each hair strand.</p><p><strong>Enriched With 3 Oils</strong><br/>	This one bottle of strengthening oil comes to you with a nutritious combination of almond oil, coconut and olive oil for that extra care with least effort.<br/><br/><strong>Nourishes Hair &amp; Scalp</strong><br/>	Almond oil nourishes your hair and scalp with a thick array of nutritious elements that will keep your hair and scalp healthy as well as stimulated for better hair growth.<br/><br/><strong>Protects Hair Fiber</strong><br/>	Coconut oil plays the perfect antimicrobial agent and fights all ill effects that are pulling the life of your hair down and ensures that you enjoy hair which feels so healthy, you won’t stop touching.</p><p><strong>Makes Hair Smooth, Soft, Shiny &amp; Manageable</strong><br/>	Get salon like softness now at the comfort of your home with this olive oil induced Fructis formulation that sheds immense nutrition on your hair with every drop. Your hair will lose all the roughness and gain a constant supply of conditioning that leaves hair manageable and shiny.</p><p>	 </p> </div><div style="clear: both;"></div></div>,<div class="item_left_column" id="specifications"><h3 class="item_desc_title fk-uppercase">        Specifications of Garnier Fructis Goodbye Damage Strengthening  Hair Oil (200 ml)    </h3><table cellspacing="0" class="fk-specs-type2"><tr><th class="group-head" colspan="2">Hair Oil Traits</th></tr><tr class=""><td class="specs-key">Composition</td><td class="specs-value fk-data">Almond Oil, Coconut Oil, Oilve Oil</td></tr><tr class=""><td class="specs-key">Applied For</td><td class="specs-value fk-data">Lustre &amp; Shine, Hair Strengthening</td></tr></table><table cellspacing="0" class="fk-specs-type2"><tr><th class="group-head" colspan="2">General Traits</th></tr><tr class=""><td class="specs-key">Ideal For</td><td class="specs-value fk-data">Men, Women</td></tr><tr class=""><td class="specs-key">Container Type</td><td class="specs-value fk-data">Bottle</td></tr><tr class=""><td class="specs-key">Quantity</td><td class="specs-value fk-data">200 ml</td></tr></table><table cellspacing="0" class="fk-specs-type2"><tr><th class="group-head" colspan="2">Additional Traits</th></tr><tr class=""><td class="specs-key"> </td><td class="specs-value fk-data">Strengthens Hair from Root to Tip</td></tr></table></div>
15:02:2014,hair-care,Garnier.,Garnier Fructis Goodbye Damage Strengthening Conditioner,Rs. 130,http://img6a.flixcart.com/image/conditioner/j/d/r/garnier-175-fructis-goodbye-damage-strengthening-conditioner-400x400-imadjtkqq2dxgbta.jpeg,(175 ml),Rs. 130,Makeupshades,http://www.flipkart.com/garnier-fructis-goodbye-damage-strengthening-conditioner/p/itmdjtkabxxyrywg?pid=CNDDJTK73QNKMJDR&srno=b_23&ref=aa4ffd4e-ee5a-4779-8c70-2605b11506a4,no sku defined,No size defined,None,<div class="item_left_column" id="specifications"><h3 class="item_desc_title fk-uppercase">        Specifications of Garnier Fructis Goodbye Damage Strengthening Conditioner (175 ml)    </h3><table cellspacing="0" class="fk-specs-type2"><tr><th class="group-head" colspan="2">Conditioner Traits</th></tr><tr class=""><td class="specs-key">Composition</td><td class="specs-value fk-data">Amla, Fruit Vitamins</td></tr><tr class=""><td class="specs-key">Applied For</td><td class="specs-value fk-data">Nourishment &amp; Moisturization, Shine</td></tr></table><table cellspacing="0" class="fk-specs-type2"><tr><th class="group-head" colspan="2">General Traits</th></tr><tr class=""><td class="specs-key">Brand</td><td class="specs-value fk-data">Garnier</td></tr><tr class=""><td class="specs-key">Ideal For</td><td class="specs-value fk-data">Men, Women</td></tr><tr class=""><td class="specs-key">Container Type</td><td class="specs-value fk-data">Bottle</td></tr><tr class=""><td class="specs-key">Quantity</td><td class="specs-value fk-data">175 ml</td></tr><tr class=""><td class="specs-key">Model Name</td><td class="specs-value fk-data">Fructis Goodbye Damage Strengthening Conditioner</td></tr></table><table cellspacing="0" class="fk-specs-type2"><tr><th class="group-head" colspan="2">Additional Traits</th></tr><tr class=""><td class="specs-key"> </td><td class="specs-value fk-data">Enriched with Nutrients that Penetrates into Hair Fiber, Fills Cracks Caused by Damage, Seals the Cuticle and Protects Hair Fiber, Leaves Hair Shiny and Smooth through the Lengths</td></tr></table></div>
15:02:2014,hair-care,Garnier.,Garnier Fructis Fall Fight Fortifying Cream Conditioner,Rs. 130,http://img6a.flixcart.com/image/conditioner/t/t/n/garnier-180-fructis-fall-fight-fortifying-cream-conditioner-400x400-imadjcpwvheczjhu.jpeg,(180 ml),Rs. 130,Makeupshades,http://www.flipkart.com/garnier-fructis-fall-fight-fortifying-cream-conditioner/p/itmd9zyzahygzhfa?pid=CNDD9ZYZNZ6YFTTN&srno=b_26&ref=aa4ffd4e-ee5a-4779-8c70-2605b11506a4,no sku defined,No size defined,<div class="item_left_column" id="description"><h3 class="item_desc_title fk-uppercase">Garnier Fructis Fall Fight Fortifying Cream Conditioner (180 ml)         Price: Rs.130</h3><div class="cls"></div><div class="item_desc_text line"><div style="float:right"></div><p style="text-align: justify;">	You wake up every morning and get so worried seeing those strands of hair on your pillow. You don’t know if this is happening because of stress or the inappropriate usage of hair products. Garnier Fructis comes with a Fall Fight Fortifying Cream Conditioner to put an end to your worries and give you that healthy hair. The presence of active fruit concentrates in this Cream Conditioner will strengthen your hair in the most unique way. Also, this <strong>Garnier Fructis Fall Fight Fortifying Cream Conditioner </strong>will condition your hair and improve the texture of your hair. You can bid farewell to your hair fall issue with this Fortifying Cream Conditioner. Besides<strong> protecting your hair against breakage</strong>, this Fall Fight Fortifying Cream Conditioner will nourish your hair.</p><p style="text-align: justify;">	With the presence of the unique formulation in this Cream Conditioner, your hair will have the accurate amount of moisture. You are sure to get that soft and supple hair with this Garnier Fructis Fall Fight Cream Conditioner. Additionally, this Garnier Fructis Cream Conditioner will leave your hair hydrated and give you that perfect shine. This Garnier Fructis Fortifying Cream Conditioner is<strong> suitable for all hair types </strong>and will give you that beautiful hair. Treat your hair to some well-deserved conditioning and watch your hair dreams come alive in an instant with this Fortifying Cream Conditioner.</p><p style="text-align: justify;"><strong>Directions for Use</strong></p><ul><li style="text-align: justify;">		After shampooing your hair, dispense an adequate amount of this Conditioner onto your palm.</li><li style="text-align: justify;">		Gently apply it on your hair evenly from root to tip and leave it for 2 minutes.</li><li style="text-align: justify;">		Rinse off.</li></ul> </div><div style="clear: both;"></div></div>,<div class="item_left_column" id="specifications"><h3 class="item_desc_title fk-uppercase">        Specifications of Garnier Fructis Fall Fight Fortifying Cream Conditioner (180 ml)    </h3><table cellspacing="0" class="fk-specs-type2"><tr><th class="group-head" colspan="2">Conditioner Traits</th></tr><tr class=""><td class="specs-key">Composition</td><td class="specs-value fk-data">Vitamin B3, Vitamin B6, Camellia Sinensis Leaf Extracts, Lemon Peel Extract, Palm Oil, Sugarcane Extracts, Apple Fruit Extract</td></tr></table><table cellspacing="0" class="fk-specs-type2"><tr><th class="group-head" colspan="2">General Traits</th></tr><tr class=""><td class="specs-key">Brand</td><td class="specs-value fk-data">Garnier</td></tr><tr class=""><td class="specs-key">Ideal For</td><td class="specs-value fk-data">Men, Women</td></tr><tr class=""><td class="specs-key">Container Type</td><td class="specs-value fk-data">Bottle</td></tr><tr class=""><td class="specs-key">Quantity</td><td class="specs-value fk-data">180 ml</td></tr><tr class=""><td class="specs-key">Organic</td><td class="specs-value fk-data">Yes</td></tr><tr class=""><td class="specs-key">Organic Type</td><td class="specs-value fk-data">Natural</td></tr><tr class=""><td class="specs-key">Model Name</td><td class="specs-value fk-data">Fructis Fall Fight Fortifying Cream Conditioner</td></tr></table><table cellspacing="0" class="fk-specs-type2"><tr><th class="group-head" colspan="2">Additional Traits</th></tr><tr class=""><td class="specs-key"> </td><td class="specs-value fk-data">Protects Hair from Breakage, Easy Detangling, With Active Fruit Concentrate and Protective Ceramides</td></tr></table></div>
15:02:2014,hair-care,Garnier.,Garnier Damage Care Fortifying Conditioner,Rs. 130,http://img6a.flixcart.com/image/conditioner/d/r/f/garnier-180-damage-care-400x400-imad9z22raksnhyb.jpeg,(180 ml),Rs. 130,Makeupshades,http://www.flipkart.com/garnier-damage-care-fortifying-conditioner/p/itmdheuy9thd59mh?pid=CNDD9ZYZEWURCDRF&srno=b_25&ref=aa4ffd4e-ee5a-4779-8c70-2605b11506a4,no sku defined,No size defined,<div class="item_left_column" id="description"><h3 class="item_desc_title fk-uppercase">Garnier Damage Care Fortifying Conditioner (180 ml)         Price: Rs.130</h3><div class="cls"></div><div class="item_desc_text line"><div style="float:right"></div><p>	If you're hair is rough and not well nourished, pamper your hair with this Damage Care from Garnier. For all those men and women looking for a product to treat their damaged hair, this conditioner will be the apt choice. The <strong>Garnier Damage Care</strong> is formulated from active fruit concentrates to keep your hair healthy. Also, active fruit concentrates will provide your hair with unique essentials. Besides <strong>conditioning your hair</strong>, this Damage Care conditioner will help you manage your hair.</p><p>	You can bid farewell to your tangled hair after using this Garnier Conditioner. With the presence of the active ingredients in this conditioner, you are sure to get that soft and silky hair. Your hair will be <strong>nourished from roots to tips</strong> with this Conditioner. Additionally, this Care Conditioner will strengthen your hair and improve the shine of your hair. Your damaged hair will be treated by this conditioner. If your hair is hydrated, its because of this unique conditioner. If you have dry hair, you are the perfect candidate for this Conditioner.</p><p><strong>Directions for Use</strong></p><ul><li>		After shampooing your hair, take an adequate amount of this Conditioner onto your palm.</li><li>		Gently apply it on your hair evenly from root to tip and leave it for 2 minutes.</li><li>		Rinse off.</li></ul> </div><div style="clear: both;"></div></div>,<div class="item_left_column" id="specifications"><h3 class="item_desc_title fk-uppercase">        Specifications of Garnier Damage Care Fortifying Conditioner (180 ml)    </h3><table cellspacing="0" class="fk-specs-type2"><tr><th class="group-head" colspan="2">Conditioner Traits</th></tr><tr class=""><td class="specs-key">Hair Type</td><td class="specs-value fk-data">Dry Hair</td></tr><tr class=""><td class="specs-key">Composition</td><td class="specs-value fk-data">Active Fruit Concentrates</td></tr><tr class=""><td class="specs-key">Applied For</td><td class="specs-value fk-data">Nourishment &amp; Moisturization, Shine</td></tr></table><table cellspacing="0" class="fk-specs-type2"><tr><th class="group-head" colspan="2">General Traits</th></tr><tr class=""><td class="specs-key">Brand</td><td class="specs-value fk-data">Garnier</td></tr><tr class=""><td class="specs-key">Ideal For</td><td class="specs-value fk-data">Men, Women</td></tr><tr class=""><td class="specs-key">Container Type</td><td class="specs-value fk-data">Bottle</td></tr><tr class=""><td class="specs-key">Quantity</td><td class="specs-value fk-data">180 ml</td></tr><tr class=""><td class="specs-key">Model Name</td><td class="specs-value fk-data">Damage Care Fortifying Conditioner</td></tr></table><table cellspacing="0" class="fk-specs-type2"><tr><th class="group-head" colspan="2">Additional Traits</th></tr><tr class=""><td class="specs-key"> </td><td class="specs-value fk-data">Nourishes Hair from Roots, Strengthens Hair, Improves Shine</td></tr></table></div>
15:02:2014,hair-care,Garnier.,Garnier Strengthning Silky Straight 24/7 Shampoo,Price: Not Available,http://img6a.flixcart.com/image/shampoo/a/j/5/garnier-800-strengthning-silky-straight-24-7-shampoo-400x400-imadpxa7ggdyvhpy.jpeg,(800 ml),Price: Not Available,WS Retail,http://www.flipkart.com/garnier-strengthning-silky-straight-24-7-shampoo/p/itmdpwpvvxd7jqmy?pid=SMPDPWPVEFSGHAJ5&srno=b_27&ref=aa4ffd4e-ee5a-4779-8c70-2605b11506a4,no sku defined,  800 ml ,<div class="item_left_column" id="description"><h3 class="item_desc_title fk-uppercase">Garnier Strengthning Silky Straight 24/7 Shampoo (800 ml)        </h3><div class="cls"></div><div class="item_desc_text line"><div style="float:right"></div>                        Tired of dry, rough and unmanageable hair?Want silky smooth hair for longer?Use Garnier Fructis Silky Straight 24/7 Shampoo: The conditioning shampoo formula is the first step to help fight frizz, transforming rough, unmanageable hair to silky smooth hair.!To use: Lather, rinse and repeat if required For best results use with Garnier Fructis Silky Straight 24/7 Conditioner and Serum.Qty 400ml each pack        </div><div style="clear: both;"></div></div>,<div class="item_left_column" id="specifications"><h3 class="item_desc_title fk-uppercase">        Specifications of Garnier Strengthning Silky Straight 24/7 Shampoo (800 ml)    </h3><table cellspacing="0" class="fk-specs-type2"><tr><th class="group-head" colspan="2">In the Box</th></tr><tr class=""><td class="specs-value fk-data" colspan="2">2 Shampoo</td></tr></table><table cellspacing="0" class="fk-specs-type2"><tr><th class="group-head" colspan="2">General Traits</th></tr><tr class=""><td class="specs-key">Brand</td><td class="specs-value fk-data">Garnier</td></tr><tr class=""><td class="specs-key">Quantity</td><td class="specs-value fk-data">800 ml</td></tr><tr class=""><td class="specs-key">Model Name</td><td class="specs-value fk-data">Strengthning Silky Straight 24/7 Shampoo</td></tr></table></div>
15:02:2014,hair-care,Garnier.,Garnier Fructis Long & Strong Fortifying shampoo (Pack of 2),Price: Not Available,http://img5a.flixcart.com/image/shampoo/b/c/t/garnier-800-fructis-long-strong-fortifying-shampoo-pack-of-2-400x400-imadzg94pnccfz3f.jpeg,(800 ml),Price: Not Available,WS Retail,http://www.flipkart.com/garnier-fructis-long-strong-fortifying-shampoo-pack-2/p/itmdzf57t6tmufzf?pid=SMPDZF52TWCXBBCT&srno=b_28&ref=aa4ffd4e-ee5a-4779-8c70-2605b11506a4,no sku defined,  800 ml ,<div class="item_left_column" id="description"><h3 class="item_desc_title fk-uppercase">Garnier Fructis Long &amp; Strong Fortifying shampoo (Pack of 2) (800 ml)        </h3><div class="cls"></div><div class="item_desc_text line"><div style="float:right"></div>                        Garnier fructis long &amp; strong fortifying shampoo - garnier fructis long &amp; strong shampoo strengthens the hair fibre from within and smoothens the hair from root to tip. Wet your hair well from root to tip. Apply the long &amp; strong fortifying shampoo to wet hair massaging gently. Rinse hair thoroughly. Quantity - 400 ml each pack.        </div><div style="clear: both;"></div></div>,<div class="item_left_column" id="specifications"><h3 class="item_desc_title fk-uppercase">        Specifications of Garnier Fructis Long &amp; Strong Fortifying shampoo (Pack of 2) (800 ml)    </h3><table cellspacing="0" class="fk-specs-type2"><tr><th class="group-head" colspan="2">In the Box</th></tr><tr class=""><td class="specs-value fk-data" colspan="2">2 Shampoo</td></tr></table><table cellspacing="0" class="fk-specs-type2"><tr><th class="group-head" colspan="2">General Traits</th></tr><tr class=""><td class="specs-key">Brand</td><td class="specs-value fk-data">Garnier</td></tr><tr class=""><td class="specs-key">Quantity</td><td class="specs-value fk-data">800 ml</td></tr><tr class=""><td class="specs-key">Model Name</td><td class="specs-value fk-data">Fructis Long &amp; Strong Fortifying shampoo (Pack of 2)</td></tr></table></div>
15:02:2014,hair-care,Garnier.,Garnier Fructis Fortifying Fall Fight Shampoo with Offer,Rs. 220,http://img5a.flixcart.com/image/shampoo/x/7/z/garnier-340-fructis-fortifying-fall-fight-shampoo-with-offer-400x400-imadhkv2mv5nch2q.jpeg,(340 ml),Rs. 220,WS Retail,http://www.flipkart.com/garnier-fructis-fortifying-fall-fight-shampoo-offer/p/itmdhktd228cgg5k?pid=SMPDHKTCXUYYFX7Z&srno=b_30&ref=aa4ffd4e-ee5a-4779-8c70-2605b11506a4,no sku defined,  340 ml ,None,<div class="item_left_column" id="specifications"><h3 class="item_desc_title fk-uppercase">        Specifications of Garnier Fructis Fortifying Fall Fight Shampoo with Offer (340 ml)    </h3><table cellspacing="0" class="fk-specs-type2"><tr><th class="group-head" colspan="2">Shampoo Traits</th></tr><tr class=""><td class="specs-key">Ideal For</td><td class="specs-value fk-data">Men, Women</td></tr><tr class=""><td class="specs-key">Applied For</td><td class="specs-value fk-data">Anti-hair Fall</td></tr><tr class=""><td class="specs-key">Composition</td><td class="specs-value fk-data">Active Fruit Concentrate</td></tr></table><table cellspacing="0" class="fk-specs-type2"><tr><th class="group-head" colspan="2">General Traits</th></tr><tr class=""><td class="specs-key">Brand</td><td class="specs-value fk-data">Garnier</td></tr><tr class=""><td class="specs-key">Container Type</td><td class="specs-value fk-data">Bottle</td></tr><tr class=""><td class="specs-key">Quantity</td><td class="specs-value fk-data">340 ml</td></tr><tr class=""><td class="specs-key">Model Name</td><td class="specs-value fk-data">Fructis Fortifying Fall Fight Shampoo with Offer</td></tr><tr class=""><td class="specs-key">Other Traits</td><td class="specs-value fk-data">Prevents Breakage, With 2x Active Fruit Concentrate, Strengthens Hair from Root, Daily Use, 5x Less Hairfall</td></tr></table></div>
15:02:2014,hair-care,Garnier.,Garnier Fructis Strengthening Goodbye Damage Shampoo with Offer,Rs. 220,http://img5a.flixcart.com/image/shampoo/u/2/v/garnier-340-fructis-strengthening-goodbye-damage-shampoo-with-offer-400x400-imadhkv2hphhxtgs.jpeg,(340 ml),Rs. 220,WS Retail,http://www.flipkart.com/garnier-fructis-strengthening-goodbye-damage-shampoo-offer/p/itmdhktdmptksks3?pid=SMPDHKTCG4DFUU2V&srno=b_29&ref=aa4ffd4e-ee5a-4779-8c70-2605b11506a4,no sku defined,  340 ml ,None,<div class="item_left_column" id="specifications"><h3 class="item_desc_title fk-uppercase">        Specifications of Garnier Fructis Strengthening Goodbye Damage Shampoo with Offer (340 ml)    </h3><table cellspacing="0" class="fk-specs-type2"><tr><th class="group-head" colspan="2">Shampoo Traits</th></tr><tr class=""><td class="specs-key">Ideal For</td><td class="specs-value fk-data">Men, Women</td></tr><tr class=""><td class="specs-key">Applied For</td><td class="specs-value fk-data">Damage Repair</td></tr><tr class=""><td class="specs-key">Hair Condition</td><td class="specs-value fk-data">Damaged Hair</td></tr><tr class=""><td class="specs-key">Composition</td><td class="specs-value fk-data">Amla, Fruit Extract, Fruit Vitamins</td></tr></table><table cellspacing="0" class="fk-specs-type2"><tr><th class="group-head" colspan="2">General Traits</th></tr><tr class=""><td class="specs-key">Brand</td><td class="specs-value fk-data">Garnier</td></tr><tr class=""><td class="specs-key">Container Type</td><td class="specs-value fk-data">Bottle</td></tr><tr class=""><td class="specs-key">Quantity</td><td class="specs-value fk-data">340 ml</td></tr><tr class=""><td class="specs-key">Model Name</td><td class="specs-value fk-data">Fructis Strengthening Goodbye Damage Shampoo with Offer</td></tr><tr class=""><td class="specs-key">Other Traits</td><td class="specs-value fk-data">Provides Shield against Harmful Factors like Sun, Dust and Dirt, Daily Use</td></tr></table></div>
15:02:2014,hair-care,Garnier.,Garnier Fructis Strengthening Goodbye Damage Shampoo with MRP Offer,Rs. 180,http://img5a.flixcart.com/image/shampoo/z/z/d/garnier-340-fructis-strengthening-goodbye-damage-shampoo-with-mrp-offer-400x400-imadzby6xnufwn7z.jpeg,(340 ml),Rs. 180,WS Retail,http://www.flipkart.com/garnier-fructis-strengthening-goodbye-damage-shampoo-mrp-offer/p/itmdzbpnkt8hage7?pid=SMPDZBZDEQ62MZZD&srno=b_31&ref=508d9690-e14e-4a12-b0e7-4ea23f405511,no sku defined,  340 ml ,None,<div class="item_left_column" id="specifications"><h3 class="item_desc_title fk-uppercase">        Specifications of Garnier Fructis Strengthening Goodbye Damage Shampoo with MRP Offer (340 ml)    </h3><table cellspacing="0" class="fk-specs-type2"><tr><th class="group-head" colspan="2">Shampoo Traits</th></tr><tr class=""><td class="specs-key">Applied For</td><td class="specs-value fk-data">Damage Repair</td></tr><tr class=""><td class="specs-key">Hair Condition</td><td class="specs-value fk-data">Damaged Hair</td></tr><tr class=""><td class="specs-key">Composition</td><td class="specs-value fk-data">Fruit Vitamins, Fruit Extract, Amla</td></tr></table><table cellspacing="0" class="fk-specs-type2"><tr><th class="group-head" colspan="2">General Traits</th></tr><tr class=""><td class="specs-key">Brand</td><td class="specs-value fk-data">Garnier</td></tr><tr class=""><td class="specs-key">Ideal For</td><td class="specs-value fk-data">Men, Women</td></tr><tr class=""><td class="specs-key">Container Type</td><td class="specs-value fk-data">Bottle</td></tr><tr class=""><td class="specs-key">Quantity</td><td class="specs-value fk-data">340 ml</td></tr><tr class=""><td class="specs-key">Model Name</td><td class="specs-value fk-data">Fructis Strengthening Goodbye Damage Shampoo with MRP Offer</td></tr></table><table cellspacing="0" class="fk-specs-type2"><tr><th class="group-head" colspan="2">Additional Traits</th></tr><tr class=""><td class="specs-key"> </td><td class="specs-value fk-data">Daily Use, Provides Shield against Harmful Factors like Sun, Dust and Dirt</td></tr></table></div>
15:02:2014,hair-care,Garnier.,Garnier Fructis Fortifying Shampoo + Oil 2 in 1 Shampoo with Offer,Rs. 220,http://img5a.flixcart.com/image/shampoo/f/z/3/garnier-340-fructis-fortifying-shampoo-oil-2-in-1-shampoo-with-offer-400x400-imadhkv2grwvupw8.jpeg,(340 ml),Rs. 220,WS Retail,http://www.flipkart.com/garnier-fructis-fortifying-shampoo-oil-2-1-offer/p/itmdhktdumfkbhhn?pid=SMPDHKTCEVW9UFZ3&srno=b_33&ref=508d9690-e14e-4a12-b0e7-4ea23f405511,no sku defined,  340 ml ,None,<div class="item_left_column" id="specifications"><h3 class="item_desc_title fk-uppercase">        Specifications of Garnier Fructis Fortifying Shampoo + Oil 2 in 1 Shampoo with Offer (340 ml)    </h3><table cellspacing="0" class="fk-specs-type2"><tr><th class="group-head" colspan="2">Shampoo Traits</th></tr><tr class=""><td class="specs-key">Ideal For</td><td class="specs-value fk-data">Women, Men</td></tr><tr class=""><td class="specs-key">Applied For</td><td class="specs-value fk-data">Scalp Cleansing, Dryness Care</td></tr><tr class=""><td class="specs-key">Composition</td><td class="specs-value fk-data">Avocado, Olive, Fruit Oils, Shea</td></tr></table><table cellspacing="0" class="fk-specs-type2"><tr><th class="group-head" colspan="2">General Traits</th></tr><tr class=""><td class="specs-key">Brand</td><td class="specs-value fk-data">Garnier</td></tr><tr class=""><td class="specs-key">Container Type</td><td class="specs-value fk-data">Bottle</td></tr><tr class=""><td class="specs-key">Quantity</td><td class="specs-value fk-data">340 ml</td></tr><tr class=""><td class="specs-key">Model Name</td><td class="specs-value fk-data">Fructis Fortifying Shampoo + Oil 2 in 1 Shampoo with Offer</td></tr><tr class=""><td class="specs-key">Other Traits</td><td class="specs-value fk-data">Strengthens Hair Fibres, Nourishes Hair, Daily Use, Provides Smooth and Shiny Hair</td></tr></table></div>
15:02:2014,hair-care,Garnier.,Garnier Fructis Fortifying Long & Strong Shampoo with MRP Offer,Rs. 180,http://img5a.flixcart.com/image/shampoo/9/c/j/garnier-340-fructis-fortifying-long-strong-shampoo-with-mrp-offer-400x400-imadzby56zcfwtgm.jpeg,(340 ml),Rs. 180,WS Retail,http://www.flipkart.com/garnier-fructis-fortifying-long-strong-shampoo-mrp-offer/p/itmdzbpndpb7xvhz?pid=SMPDZBZDBQVAK9CJ&srno=b_32&ref=508d9690-e14e-4a12-b0e7-4ea23f405511,no sku defined,  340 ml ,None,<div class="item_left_column" id="specifications"><h3 class="item_desc_title fk-uppercase">        Specifications of Garnier Fructis Fortifying Long &amp; Strong Shampoo with MRP Offer (340 ml)    </h3><table cellspacing="0" class="fk-specs-type2"><tr><th class="group-head" colspan="2">Shampoo Traits</th></tr><tr class=""><td class="specs-key">Applied For</td><td class="specs-value fk-data">Daily Care, Split-ends</td></tr></table><table cellspacing="0" class="fk-specs-type2"><tr><th class="group-head" colspan="2">General Traits</th></tr><tr class=""><td class="specs-key">Brand</td><td class="specs-value fk-data">Garnier</td></tr><tr class=""><td class="specs-key">Ideal For</td><td class="specs-value fk-data">Women, Men</td></tr><tr class=""><td class="specs-key">Container Type</td><td class="specs-value fk-data">Bottle</td></tr><tr class=""><td class="specs-key">Quantity</td><td class="specs-value fk-data">340 ml</td></tr><tr class=""><td class="specs-key">Model Name</td><td class="specs-value fk-data">Fructis Fortifying Long &amp; Strong Shampoo with MRP Offer</td></tr></table><table cellspacing="0" class="fk-specs-type2"><tr><th class="group-head" colspan="2">Additional Traits</th></tr><tr class=""><td class="specs-key"> </td><td class="specs-value fk-data">Anti Split-ends, Daily Use, Anti-breakage, Strengthens Hair Fibre, Smoothes Hair from Root to Tip</td></tr></table></div>
15:02:2014,hair-care,Garnier.,Garnier Fructis Fortifying Shampoo + Oil 2 in 1 Shampoo with MRP Offer,Rs. 180,http://img6a.flixcart.com/image/shampoo/j/5/x/garnier-340-fructis-fortifying-shampoo-oil-2-in-1-shampoo-with-mrp-offer-400x400-imadzby6vr43rten.jpeg,(340 ml),Rs. 180,WS Retail,http://www.flipkart.com/garnier-fructis-fortifying-shampoo-oil-2-1-mrp-offer/p/itmdzbpnjguzw9gj?pid=SMPDZBZD2CZYFJ5X&srno=b_34&ref=508d9690-e14e-4a12-b0e7-4ea23f405511,no sku defined,  340 ml ,None,<div class="item_left_column" id="specifications"><h3 class="item_desc_title fk-uppercase">        Specifications of Garnier Fructis Fortifying Shampoo + Oil 2 in 1 Shampoo with MRP Offer (340 ml)    </h3><table cellspacing="0" class="fk-specs-type2"><tr><th class="group-head" colspan="2">Shampoo Traits</th></tr><tr class=""><td class="specs-key">Ideal For</td><td class="specs-value fk-data">Women, Men</td></tr><tr class=""><td class="specs-key">Applied For</td><td class="specs-value fk-data">Scalp Cleansing, Dryness Care</td></tr><tr class=""><td class="specs-key">Composition</td><td class="specs-value fk-data">Avocado, Shea, Fruit Oils, Olive</td></tr></table><table cellspacing="0" class="fk-specs-type2"><tr><th class="group-head" colspan="2">General Traits</th></tr><tr class=""><td class="specs-key">Brand</td><td class="specs-value fk-data">Garnier</td></tr><tr class=""><td class="specs-key">Container Type</td><td class="specs-value fk-data">Bottle</td></tr><tr class=""><td class="specs-key">Quantity</td><td class="specs-value fk-data">340 ml</td></tr><tr class=""><td class="specs-key">Model Name</td><td class="specs-value fk-data">Fructis Fortifying Shampoo + Oil 2 in 1 Shampoo with MRP Offer</td></tr><tr class=""><td class="specs-key">Other Traits</td><td class="specs-value fk-data">Nourishes Hair, Strengthens Hair Fibres, Provides Smooth and Shiny Hair, Daily Use</td></tr></table></div>
15:02:2014,hair-care,Garnier.,Garnier Fructis Fortifying Shampoo - Anti Dandruff (Pack of 3),Price: Not Available,http://img5a.flixcart.com/image/shampoo/p/x/3/garnier-600-fructis-fortifying-shampoo-anti-dandruff-pack-of-3-400x400-imadzg94z5empv8f.jpeg,(600 ml),Price: Not Available,WS Retail,http://www.flipkart.com/garnier-fructis-fortifying-shampoo-anti-dandruff-pack-3/p/itmdzf57sh2ghszc?pid=SMPDZF52MMWNXPX3&srno=b_36&ref=508d9690-e14e-4a12-b0e7-4ea23f405511,no sku defined,  600 ml ,<div class="item_left_column" id="description"><h3 class="item_desc_title fk-uppercase">Garnier Fructis Fortifying Shampoo - Anti Dandruff (Pack of 3) (600 ml)        </h3><div class="cls"></div><div class="item_desc_text line"><div style="float:right"></div>                        Tackles dandruff and helps prevent recurrence of dandruff. Details : The Zinc Pyrithione formula effectively combats dandruff from the Ist wash. Regular usage prevents dandruff from reappearing whilst gently cleansing, soothing and purifying the scalp. Quantity - 200 ml each pack.        </div><div style="clear: both;"></div></div>,<div class="item_left_column" id="specifications"><h3 class="item_desc_title fk-uppercase">        Specifications of Garnier Fructis Fortifying Shampoo - Anti Dandruff (Pack of 3) (600 ml)    </h3><table cellspacing="0" class="fk-specs-type2"><tr><th class="group-head" colspan="2">In the Box</th></tr><tr class=""><td class="specs-value fk-data" colspan="2">3 Shampoo</td></tr></table><table cellspacing="0" class="fk-specs-type2"><tr><th class="group-head" colspan="2">General Traits</th></tr><tr class=""><td class="specs-key">Brand</td><td class="specs-value fk-data">Garnier</td></tr><tr class=""><td class="specs-key">Quantity</td><td class="specs-value fk-data">600 ml</td></tr><tr class=""><td class="specs-key">Model Name</td><td class="specs-value fk-data">Fructis Fortifying Shampoo - Anti Dandruff (Pack of 3)</td></tr></table></div>
15:02:2014,hair-care,Garnier.,Garnier Fructis Fortifying Shampoo - Fall Fight (Pack of 2),Price: Not Available,http://img6a.flixcart.com/image/shampoo/4/f/n/garnier-800-fructis-fortifying-shampoo-fall-fight-pack-of-2-400x400-imadzg94svxtkjrv.jpeg,(800 ml),Price: Not Available,WS Retail,http://www.flipkart.com/garnier-fructis-fortifying-shampoo-fall-fight-pack-2/p/itmdzf57jcmmtgyp?pid=SMPDZF52WDDBM4FN&srno=b_35&ref=508d9690-e14e-4a12-b0e7-4ea23f405511,no sku defined,  800 ml ,<div class="item_left_column" id="description"><h3 class="item_desc_title fk-uppercase">Garnier Fructis Fortifying Shampoo - Fall Fight (Pack of 2) (800 ml)        </h3><div class="cls"></div><div class="item_desc_text line"><div style="float:right"></div>                        Garnier fructis - fall fight fortifying shampoo. Garnier fructis fall fight anti-hairfall shampoo strengthens hair from the roots due to breakage. Wash after wash, this formula with active fruit concentrate and protective ceramides, provides every level of the hair with fortifying actives that help strengthen the hair from within to resist hairfall. Features - 1.5x less hair fall. Strengthens the hair fibre from within. Works from the 1st application to protect hair from breakage. Quantity - 400 ml each pack.        </div><div style="clear: both;"></div></div>,<div class="item_left_column" id="specifications"><h3 class="item_desc_title fk-uppercase">        Specifications of Garnier Fructis Fortifying Shampoo - Fall Fight (Pack of 2) (800 ml)    </h3><table cellspacing="0" class="fk-specs-type2"><tr><th class="group-head" colspan="2">In the Box</th></tr><tr class=""><td class="specs-value fk-data" colspan="2">2 Shampoo</td></tr></table><table cellspacing="0" class="fk-specs-type2"><tr><th class="group-head" colspan="2">General Traits</th></tr><tr class=""><td class="specs-key">Brand</td><td class="specs-value fk-data">Garnier</td></tr><tr class=""><td class="specs-key">Quantity</td><td class="specs-value fk-data">800 ml</td></tr><tr class=""><td class="specs-key">Model Name</td><td class="specs-value fk-data">Fructis Fortifying Shampoo - Fall Fight (Pack of 2)</td></tr></table></div>
15:02:2014,hair-care,Garnier.,Garnier Fructis Fortifying Shampoo - Anti Dandruff (Pack of 2),Price: Not Available,http://img5a.flixcart.com/image/shampoo/3/w/d/garnier-800-fructis-fortifying-shampoo-anti-dandruff-pack-of-2-400x400-imadzg94mcazr8z3.jpeg,(800 ml),Price: Not Available,WS Retail,http://www.flipkart.com/garnier-fructis-fortifying-shampoo-anti-dandruff-pack-2/p/itmdzf57rz9xhfkp?pid=SMPDZF52Z4FJR3WD&srno=b_37&ref=508d9690-e14e-4a12-b0e7-4ea23f405511,no sku defined,  800 ml ,<div class="item_left_column" id="description"><h3 class="item_desc_title fk-uppercase">Garnier Fructis Fortifying Shampoo - Anti Dandruff (Pack of 2) (800 ml)        </h3><div class="cls"></div><div class="item_desc_text line"><div style="float:right"></div>                        Tackles dandruff and helps prevent recurrence of dandruff.Details - The Zinc Pyrithione formula effectively combats dandruff from the Ist wash. Regular usage prevents dandruff from reappearing whilst gently cleansing, soothing and purifying the scalp. Quantity - 400 ml each pack        </div><div style="clear: both;"></div></div>,<div class="item_left_column" id="specifications"><h3 class="item_desc_title fk-uppercase">        Specifications of Garnier Fructis Fortifying Shampoo - Anti Dandruff (Pack of 2) (800 ml)    </h3><table cellspacing="0" class="fk-specs-type2"><tr><th class="group-head" colspan="2">In the Box</th></tr><tr class=""><td class="specs-value fk-data" colspan="2">2 Shampoo</td></tr></table><table cellspacing="0" class="fk-specs-type2"><tr><th class="group-head" colspan="2">General Traits</th></tr><tr class=""><td class="specs-key">Brand</td><td class="specs-value fk-data">Garnier</td></tr><tr class=""><td class="specs-key">Quantity</td><td class="specs-value fk-data">800 ml</td></tr><tr class=""><td class="specs-key">Model Name</td><td class="specs-value fk-data">Fructis Fortifying Shampoo - Anti Dandruff (Pack of 2)</td></tr></table></div>
15:02:2014,hair-care,Garnier.,Garnier Fructis Silky Straight 24/7 Strengthening Shampoo with Offer,Rs. 220,http://img5a.flixcart.com/image/shampoo/c/x/h/garnier-340-fructis-silky-straight-24-7-strengthening-shampoo-with-offer-400x400-imadhkv2zzjb76zb.jpeg,(340 ml),Rs. 220,WS Retail,http://www.flipkart.com/garnier-fructis-silky-straight-24-7-strengthening-shampoo-offer/p/itmdhktd3arcesvq?pid=SMPDHKTCBPMGBCXH&srno=b_38&ref=508d9690-e14e-4a12-b0e7-4ea23f405511,no sku defined,  340 ml ,None,<div class="item_left_column" id="specifications"><h3 class="item_desc_title fk-uppercase">        Specifications of Garnier Fructis Silky Straight 24/7 Strengthening Shampoo with Offer (340 ml)    </h3><table cellspacing="0" class="fk-specs-type2"><tr><th class="group-head" colspan="2">Shampoo Traits</th></tr><tr class=""><td class="specs-key">Ideal For</td><td class="specs-value fk-data">Men, Women</td></tr><tr class=""><td class="specs-key">Applied For</td><td class="specs-value fk-data">Straightening &amp; Smoothening</td></tr></table><table cellspacing="0" class="fk-specs-type2"><tr><th class="group-head" colspan="2">General Traits</th></tr><tr class=""><td class="specs-key">Brand</td><td class="specs-value fk-data">Garnier</td></tr><tr class=""><td class="specs-key">Container Type</td><td class="specs-value fk-data">Bottle</td></tr><tr class=""><td class="specs-key">Quantity</td><td class="specs-value fk-data">340 ml</td></tr><tr class=""><td class="specs-key">Model Name</td><td class="specs-value fk-data">Fructis Silky Straight 24/7 Strengthening Shampoo with Offer</td></tr><tr class=""><td class="specs-key">Other Traits</td><td class="specs-value fk-data">Provides Silky Smooth Hair, Long-lasting Effect</td></tr></table></div>
15:02:2014,hair-care,Garnier.,Garnier Fructis Normal Hair Fortifying Shampoo with MRP Offer,Rs. 180,http://img5a.flixcart.com/image/shampoo/b/w/h/garnier-340-fructis-normal-hair-fortifying-shampoo-with-mrp-offer-400x400-imadzby6vgn4zxmu.jpeg,(340 ml),Rs. 180,WS Retail,http://www.flipkart.com/garnier-fructis-normal-hair-fortifying-shampoo-mrp-offer/p/itmdzbpnqdkjzkg4?pid=SMPDZBZDHTSKYBWH&srno=b_39&ref=508d9690-e14e-4a12-b0e7-4ea23f405511,no sku defined,  340 ml ,None,<div class="item_left_column" id="specifications"><h3 class="item_desc_title fk-uppercase">        Specifications of Garnier Fructis Normal Hair Fortifying Shampoo with MRP Offer (340 ml)    </h3><table cellspacing="0" class="fk-specs-type2"><tr><th class="group-head" colspan="2">Shampoo Traits</th></tr><tr class=""><td class="specs-key">Ideal For</td><td class="specs-value fk-data">Men, Women</td></tr><tr class=""><td class="specs-key">Applied For</td><td class="specs-value fk-data">Daily Care, Hair Shine</td></tr><tr class=""><td class="specs-key">Hair Type</td><td class="specs-value fk-data">Normal Hair</td></tr><tr class=""><td class="specs-key">Composition</td><td class="specs-value fk-data">Grapefruit Essence, Active Fruit Concentrate, Vitamin B3, Vitamin B6</td></tr></table><table cellspacing="0" class="fk-specs-type2"><tr><th class="group-head" colspan="2">General Traits</th></tr><tr class=""><td class="specs-key">Brand</td><td class="specs-value fk-data">Garnier</td></tr><tr class=""><td class="specs-key">Container Type</td><td class="specs-value fk-data">Bottle</td></tr><tr class=""><td class="specs-key">Quantity</td><td class="specs-value fk-data">340 ml</td></tr><tr class=""><td class="specs-key">Model Name</td><td class="specs-value fk-data">Fructis Normal Hair Fortifying Shampoo with MRP Offer</td></tr><tr class=""><td class="specs-key">Other Traits</td><td class="specs-value fk-data">Provides Strength to Heart of Hair Fibre and All-day Freshness, Daily Use, Provides Stronger and Shinier Hair</td></tr></table></div>
