08:02:2014,1,Calvin Klein,34,http://www.flipkart.com/beauty-and-personal-care/fragrances/perfumes/pr?p%5B0%5D=facets.ideal_for%255B%255D%3DMen&p%5B1%5D=sort%3Dfeatured&p%5B2%5D=facets.brand%255B%255D%3DCalvin%2BKlein&sid=t06%2Cr3o%2Caa1
08:02:2014,2,Hugo Boss,25,http://www.flipkart.com/beauty-and-personal-care/fragrances/perfumes/pr?p%5B0%5D=facets.ideal_for%255B%255D%3DMen&p%5B1%5D=sort%3Dfeatured&p%5B2%5D=facets.brand%255B%255D%3DHugo%2BBoss&sid=t06%2Cr3o%2Caa1
08:02:2014,3,Davidoff,20,http://www.flipkart.com/beauty-and-personal-care/fragrances/perfumes/pr?p%5B0%5D=facets.ideal_for%255B%255D%3DMen&p%5B1%5D=sort%3Dfeatured&p%5B2%5D=facets.brand%255B%255D%3DDavidoff&sid=t06%2Cr3o%2Caa1
08:02:2014,4,Burberry,17,http://www.flipkart.com/beauty-and-personal-care/fragrances/perfumes/pr?p%5B0%5D=facets.ideal_for%255B%255D%3DMen&p%5B1%5D=sort%3Dfeatured&p%5B2%5D=facets.brand%255B%255D%3DBurberry&sid=t06%2Cr3o%2Caa1
08:02:2014,5,Ferrari,21,http://www.flipkart.com/beauty-and-personal-care/fragrances/perfumes/pr?p%5B0%5D=facets.ideal_for%255B%255D%3DMen&p%5B1%5D=sort%3Dfeatured&p%5B2%5D=facets.brand%255B%255D%3DFerrari&sid=t06%2Cr3o%2Caa1
08:02:2014,6,Bvlgari,21,http://www.flipkart.com/beauty-and-personal-care/fragrances/perfumes/pr?p%5B0%5D=facets.ideal_for%255B%255D%3DMen&p%5B1%5D=sort%3Dfeatured&p%5B2%5D=facets.brand%255B%255D%3DBvlgari&sid=t06%2Cr3o%2Caa1
08:02:2014,7,Adidas,16,http://www.flipkart.com/beauty-and-personal-care/fragrances/perfumes/pr?p%5B0%5D=facets.ideal_for%255B%255D%3DMen&p%5B1%5D=sort%3Dfeatured&p%5B2%5D=facets.brand%255B%255D%3DAdidas&sid=t06%2Cr3o%2Caa1
08:02:2014,8,Versace,12,http://www.flipkart.com/beauty-and-personal-care/fragrances/perfumes/pr?p%5B0%5D=facets.ideal_for%255B%255D%3DMen&p%5B1%5D=sort%3Dfeatured&p%5B2%5D=facets.brand%255B%255D%3DVersace&sid=t06%2Cr3o%2Caa1
08:02:2014,9,Nike,16,http://www.flipkart.com/beauty-and-personal-care/fragrances/perfumes/pr?p%5B0%5D=facets.ideal_for%255B%255D%3DMen&p%5B1%5D=sort%3Dfeatured&p%5B2%5D=facets.brand%255B%255D%3DNike&sid=t06%2Cr3o%2Caa1
08:02:2014,10,Giorgio Armani,22,http://www.flipkart.com/beauty-and-personal-care/fragrances/perfumes/pr?p%5B0%5D=facets.ideal_for%255B%255D%3DMen&p%5B1%5D=sort%3Dfeatured&p%5B2%5D=facets.brand%255B%255D%3DGiorgio%2BArmani&sid=t06%2Cr3o%2Caa1
08:02:2014,11,Azzaro,24,http://www.flipkart.com/beauty-and-personal-care/fragrances/perfumes/pr?p%5B0%5D=facets.ideal_for%255B%255D%3DMen&p%5B1%5D=sort%3Dfeatured&p%5B2%5D=facets.brand%255B%255D%3DAzzaro&sid=t06%2Cr3o%2Caa1
08:02:2014,12,Paco Rabanne,14,http://www.flipkart.com/beauty-and-personal-care/fragrances/perfumes/pr?p%5B0%5D=facets.ideal_for%255B%255D%3DMen&p%5B1%5D=sort%3Dfeatured&p%5B2%5D=facets.brand%255B%255D%3DPaco%2BRabanne&sid=t06%2Cr3o%2Caa1
08:02:2014,13,Gucci,11,http://www.flipkart.com/beauty-and-personal-care/fragrances/perfumes/pr?p%5B0%5D=facets.ideal_for%255B%255D%3DMen&p%5B1%5D=sort%3Dfeatured&p%5B2%5D=facets.brand%255B%255D%3DGucci&sid=t06%2Cr3o%2Caa1
08:02:2014,14,Christian Dior,17,http://www.flipkart.com/beauty-and-personal-care/fragrances/perfumes/pr?p%5B0%5D=facets.ideal_for%255B%255D%3DMen&p%5B1%5D=sort%3Dfeatured&p%5B2%5D=facets.brand%255B%255D%3DChristian%2BDior&sid=t06%2Cr3o%2Caa1
08:02:2014,15,Benetton,13,http://www.flipkart.com/beauty-and-personal-care/fragrances/perfumes/pr?p%5B0%5D=facets.ideal_for%255B%255D%3DMen&p%5B1%5D=sort%3Dfeatured&p%5B2%5D=facets.brand%255B%255D%3DBenetton&sid=t06%2Cr3o%2Caa1
08:02:2014,16,Issey Miyake,12,http://www.flipkart.com/beauty-and-personal-care/fragrances/perfumes/pr?p%5B0%5D=facets.ideal_for%255B%255D%3DMen&p%5B1%5D=sort%3Dfeatured&p%5B2%5D=facets.brand%255B%255D%3DIssey%2BMiyake&sid=t06%2Cr3o%2Caa1
08:02:2014,17,Yves Saint Laurent,13,http://www.flipkart.com/beauty-and-personal-care/fragrances/perfumes/pr?p%5B0%5D=facets.ideal_for%255B%255D%3DMen&p%5B1%5D=sort%3Dfeatured&p%5B2%5D=facets.brand%255B%255D%3DYves%2BSaint%2BLaurent&sid=t06%2Cr3o%2Caa1
08:02:2014,18,Ralph Lauren,16,http://www.flipkart.com/beauty-and-personal-care/fragrances/perfumes/pr?p%5B0%5D=facets.ideal_for%255B%255D%3DMen&p%5B1%5D=sort%3Dfeatured&p%5B2%5D=facets.brand%255B%255D%3DRalph%2BLauren&sid=t06%2Cr3o%2Caa1
08:02:2014,19,Mont Blanc,8,http://www.flipkart.com/beauty-and-personal-care/fragrances/perfumes/pr?p%5B0%5D=facets.ideal_for%255B%255D%3DMen&p%5B1%5D=sort%3Dfeatured&p%5B2%5D=facets.brand%255B%255D%3DMont%2BBlanc&sid=t06%2Cr3o%2Caa1
08:02:2014,20,D&G,14,http://www.flipkart.com/beauty-and-personal-care/fragrances/perfumes/pr?p%5B0%5D=facets.ideal_for%255B%255D%3DMen&p%5B1%5D=sort%3Dfeatured&p%5B2%5D=facets.brand%255B%255D%3DD%2526G&sid=t06%2Cr3o%2Caa1
08:02:2014,21,Carolina Herrera,13,http://www.flipkart.com/beauty-and-personal-care/fragrances/perfumes/pr?p%5B0%5D=facets.ideal_for%255B%255D%3DMen&p%5B1%5D=sort%3Dfeatured&p%5B2%5D=facets.brand%255B%255D%3DCarolina%2BHerrera&sid=t06%2Cr3o%2Caa1
08:02:2014,22,FCUK,8,http://www.flipkart.com/beauty-and-personal-care/fragrances/perfumes/pr?p%5B0%5D=facets.ideal_for%255B%255D%3DMen&p%5B1%5D=sort%3Dfeatured&p%5B2%5D=facets.brand%255B%255D%3DFCUK&sid=t06%2Cr3o%2Caa1
08:02:2014,23,Lacoste,20,http://www.flipkart.com/beauty-and-personal-care/fragrances/perfumes/pr?p%5B0%5D=facets.ideal_for%255B%255D%3DMen&p%5B1%5D=sort%3Dfeatured&p%5B2%5D=facets.brand%255B%255D%3DLacoste&sid=t06%2Cr3o%2Caa1
08:02:2014,24,Rasasi,8,http://www.flipkart.com/beauty-and-personal-care/fragrances/perfumes/pr?p%5B0%5D=facets.ideal_for%255B%255D%3DMen&p%5B1%5D=sort%3Dfeatured&p%5B2%5D=facets.brand%255B%255D%3DRasasi&sid=t06%2Cr3o%2Caa1
08:02:2014,25,Armani,2,http://www.flipkart.com/beauty-and-personal-care/fragrances/perfumes/pr?p%5B0%5D=facets.ideal_for%255B%255D%3DMen&p%5B1%5D=sort%3Dfeatured&p%5B2%5D=facets.brand%255B%255D%3DArmani&sid=t06%2Cr3o%2Caa1
08:02:2014,26,Chanel,2,http://www.flipkart.com/beauty-and-personal-care/fragrances/perfumes/pr?p%5B0%5D=facets.ideal_for%255B%255D%3DMen&p%5B1%5D=sort%3Dfeatured&p%5B2%5D=facets.brand%255B%255D%3DChanel&sid=t06%2Cr3o%2Caa1
08:02:2014,27,Lomani,21,http://www.flipkart.com/beauty-and-personal-care/fragrances/perfumes/pr?p%5B0%5D=facets.ideal_for%255B%255D%3DMen&p%5B1%5D=sort%3Dfeatured&p%5B2%5D=facets.brand%255B%255D%3DLomani&sid=t06%2Cr3o%2Caa1
08:02:2014,28,4711,2,http://www.flipkart.com/beauty-and-personal-care/fragrances/perfumes/pr?p%5B0%5D=facets.ideal_for%255B%255D%3DMen&p%5B1%5D=sort%3Dfeatured&p%5B2%5D=facets.brand%255B%255D%3D4711&sid=t06%2Cr3o%2Caa1
08:02:2014,29,Abercrombie & Fitch,5,http://www.flipkart.com/beauty-and-personal-care/fragrances/perfumes/pr?p%5B0%5D=facets.ideal_for%255B%255D%3DMen&p%5B1%5D=sort%3Dfeatured&p%5B2%5D=facets.brand%255B%255D%3DAbercrombie%2B%2526%2BFitch&sid=t06%2Cr3o%2Caa1
08:02:2014,30,Addiction,1,http://www.flipkart.com/beauty-and-personal-care/fragrances/perfumes/pr?p%5B0%5D=facets.ideal_for%255B%255D%3DMen&p%5B1%5D=sort%3Dfeatured&p%5B2%5D=facets.brand%255B%255D%3DAddiction&sid=t06%2Cr3o%2Caa1
08:02:2014,31,Agatha,1,http://www.flipkart.com/beauty-and-personal-care/fragrances/perfumes/pr?p%5B0%5D=facets.ideal_for%255B%255D%3DMen&p%5B1%5D=sort%3Dfeatured&p%5B2%5D=facets.brand%255B%255D%3DAgatha&sid=t06%2Cr3o%2Caa1
08:02:2014,32,Aigner,4,http://www.flipkart.com/beauty-and-personal-care/fragrances/perfumes/pr?p%5B0%5D=facets.ideal_for%255B%255D%3DMen&p%5B1%5D=sort%3Dfeatured&p%5B2%5D=facets.brand%255B%255D%3DAigner&sid=t06%2Cr3o%2Caa1
08:02:2014,33,Air Val International,5,http://www.flipkart.com/beauty-and-personal-care/fragrances/perfumes/pr?p%5B0%5D=facets.ideal_for%255B%255D%3DMen&p%5B1%5D=sort%3Dfeatured&p%5B2%5D=facets.brand%255B%255D%3DAir%2BVal%2BInternational&sid=t06%2Cr3o%2Caa1
08:02:2014,34,Ajmal,9,http://www.flipkart.com/beauty-and-personal-care/fragrances/perfumes/pr?p%5B0%5D=facets.ideal_for%255B%255D%3DMen&p%5B1%5D=sort%3Dfeatured&p%5B2%5D=facets.brand%255B%255D%3DAjmal&sid=t06%2Cr3o%2Caa1
08:02:2014,35,Al Haramain,3,http://www.flipkart.com/beauty-and-personal-care/fragrances/perfumes/pr?p%5B0%5D=facets.ideal_for%255B%255D%3DMen&p%5B1%5D=sort%3Dfeatured&p%5B2%5D=facets.brand%255B%255D%3DAl%2BHaramain&sid=t06%2Cr3o%2Caa1
08:02:2014,36,Alfred Dunhill,1,http://www.flipkart.com/beauty-and-personal-care/fragrances/perfumes/pr?p%5B0%5D=facets.ideal_for%255B%255D%3DMen&p%5B1%5D=sort%3Dfeatured&p%5B2%5D=facets.brand%255B%255D%3DAlfred%2BDunhill&sid=t06%2Cr3o%2Caa1
08:02:2014,37,American Swan,1,http://www.flipkart.com/beauty-and-personal-care/fragrances/perfumes/pr?p%5B0%5D=facets.ideal_for%255B%255D%3DMen&p%5B1%5D=sort%3Dfeatured&p%5B2%5D=facets.brand%255B%255D%3DAmerican%2BSwan&sid=t06%2Cr3o%2Caa1
08:02:2014,38,Amouage,4,http://www.flipkart.com/beauty-and-personal-care/fragrances/perfumes/pr?p%5B0%5D=facets.ideal_for%255B%255D%3DMen&p%5B1%5D=sort%3Dfeatured&p%5B2%5D=facets.brand%255B%255D%3DAmouage&sid=t06%2Cr3o%2Caa1
08:02:2014,39,Anna Andre Paris,2,http://www.flipkart.com/beauty-and-personal-care/fragrances/perfumes/pr?p%5B0%5D=facets.ideal_for%255B%255D%3DMen&p%5B1%5D=sort%3Dfeatured&p%5B2%5D=facets.brand%255B%255D%3DAnna%2BAndre%2BParis&sid=t06%2Cr3o%2Caa1
08:02:2014,40,Anna Sui,1,http://www.flipkart.com/beauty-and-personal-care/fragrances/perfumes/pr?p%5B0%5D=facets.ideal_for%255B%255D%3DMen&p%5B1%5D=sort%3Dfeatured&p%5B2%5D=facets.brand%255B%255D%3DAnna%2BSui&sid=t06%2Cr3o%2Caa1
08:02:2014,41,Antonio,1,http://www.flipkart.com/beauty-and-personal-care/fragrances/perfumes/pr?p%5B0%5D=facets.ideal_for%255B%255D%3DMen&p%5B1%5D=sort%3Dfeatured&p%5B2%5D=facets.brand%255B%255D%3DAntonio&sid=t06%2Cr3o%2Caa1
08:02:2014,42,Antonio Banderas,6,http://www.flipkart.com/beauty-and-personal-care/fragrances/perfumes/pr?p%5B0%5D=facets.ideal_for%255B%255D%3DMen&p%5B1%5D=sort%3Dfeatured&p%5B2%5D=facets.brand%255B%255D%3DAntonio%2BBanderas&sid=t06%2Cr3o%2Caa1
08:02:2014,43,Antonio Puig,2,http://www.flipkart.com/beauty-and-personal-care/fragrances/perfumes/pr?p%5B0%5D=facets.ideal_for%255B%255D%3DMen&p%5B1%5D=sort%3Dfeatured&p%5B2%5D=facets.brand%255B%255D%3DAntonio%2BPuig&sid=t06%2Cr3o%2Caa1
08:02:2014,44,Anucci,1,http://www.flipkart.com/beauty-and-personal-care/fragrances/perfumes/pr?p%5B0%5D=facets.ideal_for%255B%255D%3DMen&p%5B1%5D=sort%3Dfeatured&p%5B2%5D=facets.brand%255B%255D%3DAnucci&sid=t06%2Cr3o%2Caa1
08:02:2014,45,Arabian Oud,2,http://www.flipkart.com/beauty-and-personal-care/fragrances/perfumes/pr?p%5B0%5D=facets.ideal_for%255B%255D%3DMen&p%5B1%5D=sort%3Dfeatured&p%5B2%5D=facets.brand%255B%255D%3DArabian%2BOud&sid=t06%2Cr3o%2Caa1
08:02:2014,46,Archies,23,http://www.flipkart.com/beauty-and-personal-care/fragrances/perfumes/pr?p%5B0%5D=facets.ideal_for%255B%255D%3DMen&p%5B1%5D=sort%3Dfeatured&p%5B2%5D=facets.brand%255B%255D%3DArchies&sid=t06%2Cr3o%2Caa1
08:02:2014,47,Arjun Rampal,2,http://www.flipkart.com/beauty-and-personal-care/fragrances/perfumes/pr?p%5B0%5D=facets.ideal_for%255B%255D%3DMen&p%5B1%5D=sort%3Dfeatured&p%5B2%5D=facets.brand%255B%255D%3DArjun%2BRampal&sid=t06%2Cr3o%2Caa1
08:02:2014,48,Armaf,4,http://www.flipkart.com/beauty-and-personal-care/fragrances/perfumes/pr?p%5B0%5D=facets.ideal_for%255B%255D%3DMen&p%5B1%5D=sort%3Dfeatured&p%5B2%5D=facets.brand%255B%255D%3DArmaf&sid=t06%2Cr3o%2Caa1
08:02:2014,49,Arocham Ratlam,6,http://www.flipkart.com/beauty-and-personal-care/fragrances/perfumes/pr?p%5B0%5D=facets.ideal_for%255B%255D%3DMen&p%5B1%5D=sort%3Dfeatured&p%5B2%5D=facets.brand%255B%255D%3DArocham%2BRatlam&sid=t06%2Cr3o%2Caa1
08:02:2014,50,Avon,18,http://www.flipkart.com/beauty-and-personal-care/fragrances/perfumes/pr?p%5B0%5D=facets.ideal_for%255B%255D%3DMen&p%5B1%5D=sort%3Dfeatured&p%5B2%5D=facets.brand%255B%255D%3DAvon&sid=t06%2Cr3o%2Caa1
08:02:2014,51,Axe,1,http://www.flipkart.com/beauty-and-personal-care/fragrances/perfumes/pr?p%5B0%5D=facets.ideal_for%255B%255D%3DMen&p%5B1%5D=sort%3Dfeatured&p%5B2%5D=facets.brand%255B%255D%3DAxe&sid=t06%2Cr3o%2Caa1
08:02:2014,52,Baldessarini,3,http://www.flipkart.com/beauty-and-personal-care/fragrances/perfumes/pr?p%5B0%5D=facets.ideal_for%255B%255D%3DMen&p%5B1%5D=sort%3Dfeatured&p%5B2%5D=facets.brand%255B%255D%3DBaldessarini&sid=t06%2Cr3o%2Caa1
08:02:2014,53,Banana Republic,1,http://www.flipkart.com/beauty-and-personal-care/fragrances/perfumes/pr?p%5B0%5D=facets.ideal_for%255B%255D%3DMen&p%5B1%5D=sort%3Dfeatured&p%5B2%5D=facets.brand%255B%255D%3DBanana%2BRepublic&sid=t06%2Cr3o%2Caa1
08:02:2014,54,Beverly Hills Polo Club,8,http://www.flipkart.com/beauty-and-personal-care/fragrances/perfumes/pr?p%5B0%5D=facets.ideal_for%255B%255D%3DMen&p%5B1%5D=sort%3Dfeatured&p%5B2%5D=facets.brand%255B%255D%3DBeverly%2BHills%2BPolo%2BClub&sid=t06%2Cr3o%2Caa1
08:02:2014,55,Bob Mackie,1,http://www.flipkart.com/beauty-and-personal-care/fragrances/perfumes/pr?p%5B0%5D=facets.ideal_for%255B%255D%3DMen&p%5B1%5D=sort%3Dfeatured&p%5B2%5D=facets.brand%255B%255D%3DBob%2BMackie&sid=t06%2Cr3o%2Caa1
08:02:2014,56,Bogart,2,http://www.flipkart.com/beauty-and-personal-care/fragrances/perfumes/pr?p%5B0%5D=facets.ideal_for%255B%255D%3DMen&p%5B1%5D=sort%3Dfeatured&p%5B2%5D=facets.brand%255B%255D%3DBogart&sid=t06%2Cr3o%2Caa1
08:02:2014,57,Bogner Snow,1,http://www.flipkart.com/beauty-and-personal-care/fragrances/perfumes/pr?p%5B0%5D=facets.ideal_for%255B%255D%3DMen&p%5B1%5D=sort%3Dfeatured&p%5B2%5D=facets.brand%255B%255D%3DBogner%2BSnow&sid=t06%2Cr3o%2Caa1
08:02:2014,58,Boss,16,http://www.flipkart.com/beauty-and-personal-care/fragrances/perfumes/pr?p%5B0%5D=facets.ideal_for%255B%255D%3DMen&p%5B1%5D=sort%3Dfeatured&p%5B2%5D=facets.brand%255B%255D%3DBoss&sid=t06%2Cr3o%2Caa1
08:02:2014,59,Boucheron,2,http://www.flipkart.com/beauty-and-personal-care/fragrances/perfumes/pr?p%5B0%5D=facets.ideal_for%255B%255D%3DMen&p%5B1%5D=sort%3Dfeatured&p%5B2%5D=facets.brand%255B%255D%3DBoucheron&sid=t06%2Cr3o%2Caa1
08:02:2014,60,Bronnley,8,http://www.flipkart.com/beauty-and-personal-care/fragrances/perfumes/pr?p%5B0%5D=facets.ideal_for%255B%255D%3DMen&p%5B1%5D=sort%3Dfeatured&p%5B2%5D=facets.brand%255B%255D%3DBronnley&sid=t06%2Cr3o%2Caa1
08:02:2014,61,Brooks Brothers,1,http://www.flipkart.com/beauty-and-personal-care/fragrances/perfumes/pr?p%5B0%5D=facets.ideal_for%255B%255D%3DMen&p%5B1%5D=sort%3Dfeatured&p%5B2%5D=facets.brand%255B%255D%3DBrooks%2BBrothers&sid=t06%2Cr3o%2Caa1
08:02:2014,62,Brut,4,http://www.flipkart.com/beauty-and-personal-care/fragrances/perfumes/pr?p%5B0%5D=facets.ideal_for%255B%255D%3DMen&p%5B1%5D=sort%3Dfeatured&p%5B2%5D=facets.brand%255B%255D%3DBrut&sid=t06%2Cr3o%2Caa1
08:02:2014,63,Bugatti,2,http://www.flipkart.com/beauty-and-personal-care/fragrances/perfumes/pr?p%5B0%5D=facets.ideal_for%255B%255D%3DMen&p%5B1%5D=sort%3Dfeatured&p%5B2%5D=facets.brand%255B%255D%3DBugatti&sid=t06%2Cr3o%2Caa1
08:02:2014,64,Carlo Corinto,1,http://www.flipkart.com/beauty-and-personal-care/fragrances/perfumes/pr?p%5B0%5D=facets.ideal_for%255B%255D%3DMen&p%5B1%5D=sort%3Dfeatured&p%5B2%5D=facets.brand%255B%255D%3DCarlo%2BCorinto&sid=t06%2Cr3o%2Caa1
08:02:2014,65,Carrera,4,http://www.flipkart.com/beauty-and-personal-care/fragrances/perfumes/pr?p%5B0%5D=facets.ideal_for%255B%255D%3DMen&p%5B1%5D=sort%3Dfeatured&p%5B2%5D=facets.brand%255B%255D%3DCarrera&sid=t06%2Cr3o%2Caa1
08:02:2014,66,Cartier,8,http://www.flipkart.com/beauty-and-personal-care/fragrances/perfumes/pr?p%5B0%5D=facets.ideal_for%255B%255D%3DMen&p%5B1%5D=sort%3Dfeatured&p%5B2%5D=facets.brand%255B%255D%3DCartier&sid=t06%2Cr3o%2Caa1
08:02:2014,67,Cerruti,2,http://www.flipkart.com/beauty-and-personal-care/fragrances/perfumes/pr?p%5B0%5D=facets.ideal_for%255B%255D%3DMen&p%5B1%5D=sort%3Dfeatured&p%5B2%5D=facets.brand%255B%255D%3DCerruti&sid=t06%2Cr3o%2Caa1
08:02:2014,68,CFS,5,http://www.flipkart.com/beauty-and-personal-care/fragrances/perfumes/pr?p%5B0%5D=facets.ideal_for%255B%255D%3DMen&p%5B1%5D=sort%3Dfeatured&p%5B2%5D=facets.brand%255B%255D%3DCFS&sid=t06%2Cr3o%2Caa1
08:02:2014,69,Choprad,1,http://www.flipkart.com/beauty-and-personal-care/fragrances/perfumes/pr?p%5B0%5D=facets.ideal_for%255B%255D%3DMen&p%5B1%5D=sort%3Dfeatured&p%5B2%5D=facets.brand%255B%255D%3DChoprad&sid=t06%2Cr3o%2Caa1
08:02:2014,70,Chris Adams,4,http://www.flipkart.com/beauty-and-personal-care/fragrances/perfumes/pr?p%5B0%5D=facets.ideal_for%255B%255D%3DMen&p%5B1%5D=sort%3Dfeatured&p%5B2%5D=facets.brand%255B%255D%3DChris%2BAdams&sid=t06%2Cr3o%2Caa1
08:02:2014,71,Christian Audigier,2,http://www.flipkart.com/beauty-and-personal-care/fragrances/perfumes/pr?p%5B0%5D=facets.ideal_for%255B%255D%3DMen&p%5B1%5D=sort%3Dfeatured&p%5B2%5D=facets.brand%255B%255D%3DChristian%2BAudigier&sid=t06%2Cr3o%2Caa1
08:02:2014,72,Classic Collection,1,http://www.flipkart.com/beauty-and-personal-care/fragrances/perfumes/pr?p%5B0%5D=facets.ideal_for%255B%255D%3DMen&p%5B1%5D=sort%3Dfeatured&p%5B2%5D=facets.brand%255B%255D%3DClassic%2BCollection&sid=t06%2Cr3o%2Caa1
08:02:2014,73,Clinique,1,http://www.flipkart.com/beauty-and-personal-care/fragrances/perfumes/pr?p%5B0%5D=facets.ideal_for%255B%255D%3DMen&p%5B1%5D=sort%3Dfeatured&p%5B2%5D=facets.brand%255B%255D%3DClinique&sid=t06%2Cr3o%2Caa1
08:02:2014,74,Cobra,1,http://www.flipkart.com/beauty-and-personal-care/fragrances/perfumes/pr?p%5B0%5D=facets.ideal_for%255B%255D%3DMen&p%5B1%5D=sort%3Dfeatured&p%5B2%5D=facets.brand%255B%255D%3DCobra&sid=t06%2Cr3o%2Caa1
08:02:2014,75,Colour Me,3,http://www.flipkart.com/beauty-and-personal-care/fragrances/perfumes/pr?p%5B0%5D=facets.ideal_for%255B%255D%3DMen&p%5B1%5D=sort%3Dfeatured&p%5B2%5D=facets.brand%255B%255D%3DColour%2BMe&sid=t06%2Cr3o%2Caa1
08:02:2014,76,Coty,2,http://www.flipkart.com/beauty-and-personal-care/fragrances/perfumes/pr?p%5B0%5D=facets.ideal_for%255B%255D%3DMen&p%5B1%5D=sort%3Dfeatured&p%5B2%5D=facets.brand%255B%255D%3DCoty&sid=t06%2Cr3o%2Caa1
08:02:2014,77,Creation Lamis,2,http://www.flipkart.com/beauty-and-personal-care/fragrances/perfumes/pr?p%5B0%5D=facets.ideal_for%255B%255D%3DMen&p%5B1%5D=sort%3Dfeatured&p%5B2%5D=facets.brand%255B%255D%3DCreation%2BLamis&sid=t06%2Cr3o%2Caa1
08:02:2014,78,Credentials,1,http://www.flipkart.com/beauty-and-personal-care/fragrances/perfumes/pr?p%5B0%5D=facets.ideal_for%255B%255D%3DMen&p%5B1%5D=sort%3Dfeatured&p%5B2%5D=facets.brand%255B%255D%3DCredentials&sid=t06%2Cr3o%2Caa1
08:02:2014,79,Creed,8,http://www.flipkart.com/beauty-and-personal-care/fragrances/perfumes/pr?p%5B0%5D=facets.ideal_for%255B%255D%3DMen&p%5B1%5D=sort%3Dfeatured&p%5B2%5D=facets.brand%255B%255D%3DCreed&sid=t06%2Cr3o%2Caa1
08:02:2014,80,CREED,1,http://www.flipkart.com/beauty-and-personal-care/fragrances/perfumes/pr?p%5B0%5D=facets.ideal_for%255B%255D%3DMen&p%5B1%5D=sort%3Dfeatured&p%5B2%5D=facets.brand%255B%255D%3DCREED&sid=t06%2Cr3o%2Caa1
08:02:2014,81,Dana,1,http://www.flipkart.com/beauty-and-personal-care/fragrances/perfumes/pr?p%5B0%5D=facets.ideal_for%255B%255D%3DMen&p%5B1%5D=sort%3Dfeatured&p%5B2%5D=facets.brand%255B%255D%3DDana&sid=t06%2Cr3o%2Caa1
08:02:2014,82,David Beckham,10,http://www.flipkart.com/beauty-and-personal-care/fragrances/perfumes/pr?p%5B0%5D=facets.ideal_for%255B%255D%3DMen&p%5B1%5D=sort%3Dfeatured&p%5B2%5D=facets.brand%255B%255D%3DDavid%2BBeckham&sid=t06%2Cr3o%2Caa1
08:02:2014,83,Deluxe Parfum,2,http://www.flipkart.com/beauty-and-personal-care/fragrances/perfumes/pr?p%5B0%5D=facets.ideal_for%255B%255D%3DMen&p%5B1%5D=sort%3Dfeatured&p%5B2%5D=facets.brand%255B%255D%3DDeluxe%2BParfum&sid=t06%2Cr3o%2Caa1
08:02:2014,84,Demure,1,http://www.flipkart.com/beauty-and-personal-care/fragrances/perfumes/pr?p%5B0%5D=facets.ideal_for%255B%255D%3DMen&p%5B1%5D=sort%3Dfeatured&p%5B2%5D=facets.brand%255B%255D%3DDemure&sid=t06%2Cr3o%2Caa1
08:02:2014,85,Denim,12,http://www.flipkart.com/beauty-and-personal-care/fragrances/perfumes/pr?p%5B0%5D=facets.ideal_for%255B%255D%3DMen&p%5B1%5D=sort%3Dfeatured&p%5B2%5D=facets.brand%255B%255D%3DDenim&sid=t06%2Cr3o%2Caa1
08:02:2014,86,Denver,2,http://www.flipkart.com/beauty-and-personal-care/fragrances/perfumes/pr?p%5B0%5D=facets.ideal_for%255B%255D%3DMen&p%5B1%5D=sort%3Dfeatured&p%5B2%5D=facets.brand%255B%255D%3DDenver&sid=t06%2Cr3o%2Caa1
08:02:2014,87,Diadora,5,http://www.flipkart.com/beauty-and-personal-care/fragrances/perfumes/pr?p%5B0%5D=facets.ideal_for%255B%255D%3DMen&p%5B1%5D=sort%3Dfeatured&p%5B2%5D=facets.brand%255B%255D%3DDiadora&sid=t06%2Cr3o%2Caa1
08:02:2014,88,Diesel,6,http://www.flipkart.com/beauty-and-personal-care/fragrances/perfumes/pr?p%5B0%5D=facets.ideal_for%255B%255D%3DMen&p%5B1%5D=sort%3Dfeatured&p%5B2%5D=facets.brand%255B%255D%3DDiesel&sid=t06%2Cr3o%2Caa1
08:02:2014,89,Dolce & Gabbana,6,http://www.flipkart.com/beauty-and-personal-care/fragrances/perfumes/pr?p%5B0%5D=facets.ideal_for%255B%255D%3DMen&p%5B1%5D=sort%3Dfeatured&p%5B2%5D=facets.brand%255B%255D%3DDolce%2B%2526%2BGabbana&sid=t06%2Cr3o%2Caa1
08:02:2014,90,Dsquared,1,http://www.flipkart.com/beauty-and-personal-care/fragrances/perfumes/pr?p%5B0%5D=facets.ideal_for%255B%255D%3DMen&p%5B1%5D=sort%3Dfeatured&p%5B2%5D=facets.brand%255B%255D%3DDsquared&sid=t06%2Cr3o%2Caa1
08:02:2014,91,DSquared2,4,http://www.flipkart.com/beauty-and-personal-care/fragrances/perfumes/pr?p%5B0%5D=facets.ideal_for%255B%255D%3DMen&p%5B1%5D=sort%3Dfeatured&p%5B2%5D=facets.brand%255B%255D%3DDSquared2&sid=t06%2Cr3o%2Caa1
08:02:2014,92,Duccati,1,http://www.flipkart.com/beauty-and-personal-care/fragrances/perfumes/pr?p%5B0%5D=facets.ideal_for%255B%255D%3DMen&p%5B1%5D=sort%3Dfeatured&p%5B2%5D=facets.brand%255B%255D%3DDuccati&sid=t06%2Cr3o%2Caa1
08:02:2014,93,Dude,2,http://www.flipkart.com/beauty-and-personal-care/fragrances/perfumes/pr?p%5B0%5D=facets.ideal_for%255B%255D%3DMen&p%5B1%5D=sort%3Dfeatured&p%5B2%5D=facets.brand%255B%255D%3DDude&sid=t06%2Cr3o%2Caa1
08:02:2014,94,Dunhill,15,http://www.flipkart.com/beauty-and-personal-care/fragrances/perfumes/pr?p%5B0%5D=facets.ideal_for%255B%255D%3DMen&p%5B1%5D=sort%3Dfeatured&p%5B2%5D=facets.brand%255B%255D%3DDunhill&sid=t06%2Cr3o%2Caa1
08:02:2014,95,Ed Hardy,2,http://www.flipkart.com/beauty-and-personal-care/fragrances/perfumes/pr?p%5B0%5D=facets.ideal_for%255B%255D%3DMen&p%5B1%5D=sort%3Dfeatured&p%5B2%5D=facets.brand%255B%255D%3DEd%2BHardy&sid=t06%2Cr3o%2Caa1
08:02:2014,96,Elite Model,1,http://www.flipkart.com/beauty-and-personal-care/fragrances/perfumes/pr?p%5B0%5D=facets.ideal_for%255B%255D%3DMen&p%5B1%5D=sort%3Dfeatured&p%5B2%5D=facets.brand%255B%255D%3DElite%2BModel&sid=t06%2Cr3o%2Caa1
08:02:2014,97,Elizabeth Taylor,1,http://www.flipkart.com/beauty-and-personal-care/fragrances/perfumes/pr?p%5B0%5D=facets.ideal_for%255B%255D%3DMen&p%5B1%5D=sort%3Dfeatured&p%5B2%5D=facets.brand%255B%255D%3DElizabeth%2BTaylor&sid=t06%2Cr3o%2Caa1
08:02:2014,98,Ellen Tracy,1,http://www.flipkart.com/beauty-and-personal-care/fragrances/perfumes/pr?p%5B0%5D=facets.ideal_for%255B%255D%3DMen&p%5B1%5D=sort%3Dfeatured&p%5B2%5D=facets.brand%255B%255D%3DEllen%2BTracy&sid=t06%2Cr3o%2Caa1
08:02:2014,99,Emporio Armani,4,http://www.flipkart.com/beauty-and-personal-care/fragrances/perfumes/pr?p%5B0%5D=facets.ideal_for%255B%255D%3DMen&p%5B1%5D=sort%3Dfeatured&p%5B2%5D=facets.brand%255B%255D%3DEmporio%2BArmani&sid=t06%2Cr3o%2Caa1
08:02:2014,100,English Blazer,3,http://www.flipkart.com/beauty-and-personal-care/fragrances/perfumes/pr?p%5B0%5D=facets.ideal_for%255B%255D%3DMen&p%5B1%5D=sort%3Dfeatured&p%5B2%5D=facets.brand%255B%255D%3DEnglish%2BBlazer&sid=t06%2Cr3o%2Caa1
08:02:2014,101,Envy,1,http://www.flipkart.com/beauty-and-personal-care/fragrances/perfumes/pr?p%5B0%5D=facets.ideal_for%255B%255D%3DMen&p%5B1%5D=sort%3Dfeatured&p%5B2%5D=facets.brand%255B%255D%3DEnvy&sid=t06%2Cr3o%2Caa1
08:02:2014,102,Ermenegildo Zegna,1,http://www.flipkart.com/beauty-and-personal-care/fragrances/perfumes/pr?p%5B0%5D=facets.ideal_for%255B%255D%3DMen&p%5B1%5D=sort%3Dfeatured&p%5B2%5D=facets.brand%255B%255D%3DErmenegildo%2BZegna&sid=t06%2Cr3o%2Caa1
08:02:2014,103,Esprit,4,http://www.flipkart.com/beauty-and-personal-care/fragrances/perfumes/pr?p%5B0%5D=facets.ideal_for%255B%255D%3DMen&p%5B1%5D=sort%3Dfeatured&p%5B2%5D=facets.brand%255B%255D%3DEsprit&sid=t06%2Cr3o%2Caa1
08:02:2014,104,Essenza Di Wills,3,http://www.flipkart.com/beauty-and-personal-care/fragrances/perfumes/pr?p%5B0%5D=facets.ideal_for%255B%255D%3DMen&p%5B1%5D=sort%3Dfeatured&p%5B2%5D=facets.brand%255B%255D%3DEssenza%2BDi%2BWills&sid=t06%2Cr3o%2Caa1
08:02:2014,105,Estiara,7,http://www.flipkart.com/beauty-and-personal-care/fragrances/perfumes/pr?p%5B0%5D=facets.ideal_for%255B%255D%3DMen&p%5B1%5D=sort%3Dfeatured&p%5B2%5D=facets.brand%255B%255D%3DEstiara&sid=t06%2Cr3o%2Caa1
08:02:2014,106,Eurolux,3,http://www.flipkart.com/beauty-and-personal-care/fragrances/perfumes/pr?p%5B0%5D=facets.ideal_for%255B%255D%3DMen&p%5B1%5D=sort%3Dfeatured&p%5B2%5D=facets.brand%255B%255D%3DEurolux&sid=t06%2Cr3o%2Caa1
08:02:2014,107,Euroluxe,1,http://www.flipkart.com/beauty-and-personal-care/fragrances/perfumes/pr?p%5B0%5D=facets.ideal_for%255B%255D%3DMen&p%5B1%5D=sort%3Dfeatured&p%5B2%5D=facets.brand%255B%255D%3DEuroluxe&sid=t06%2Cr3o%2Caa1
08:02:2014,108,Evaflor,7,http://www.flipkart.com/beauty-and-personal-care/fragrances/perfumes/pr?p%5B0%5D=facets.ideal_for%255B%255D%3DMen&p%5B1%5D=sort%3Dfeatured&p%5B2%5D=facets.brand%255B%255D%3DEvaflor&sid=t06%2Cr3o%2Caa1
08:02:2014,109,Faberge,1,http://www.flipkart.com/beauty-and-personal-care/fragrances/perfumes/pr?p%5B0%5D=facets.ideal_for%255B%255D%3DMen&p%5B1%5D=sort%3Dfeatured&p%5B2%5D=facets.brand%255B%255D%3DFaberge&sid=t06%2Cr3o%2Caa1
08:02:2014,110,Faconnable,1,http://www.flipkart.com/beauty-and-personal-care/fragrances/perfumes/pr?p%5B0%5D=facets.ideal_for%255B%255D%3DMen&p%5B1%5D=sort%3Dfeatured&p%5B2%5D=facets.brand%255B%255D%3DFaconnable&sid=t06%2Cr3o%2Caa1
08:02:2014,111,Fashion Police,6,http://www.flipkart.com/beauty-and-personal-care/fragrances/perfumes/pr?p%5B0%5D=facets.ideal_for%255B%255D%3DMen&p%5B1%5D=sort%3Dfeatured&p%5B2%5D=facets.brand%255B%255D%3DFashion%2BPolice&sid=t06%2Cr3o%2Caa1
08:02:2014,112,Fendi,2,http://www.flipkart.com/beauty-and-personal-care/fragrances/perfumes/pr?p%5B0%5D=facets.ideal_for%255B%255D%3DMen&p%5B1%5D=sort%3Dfeatured&p%5B2%5D=facets.brand%255B%255D%3DFendi&sid=t06%2Cr3o%2Caa1
08:02:2014,113,Flyback,1,http://www.flipkart.com/beauty-and-personal-care/fragrances/perfumes/pr?p%5B0%5D=facets.ideal_for%255B%255D%3DMen&p%5B1%5D=sort%3Dfeatured&p%5B2%5D=facets.brand%255B%255D%3DFlyback&sid=t06%2Cr3o%2Caa1
08:02:2014,114,French Connection,1,http://www.flipkart.com/beauty-and-personal-care/fragrances/perfumes/pr?p%5B0%5D=facets.ideal_for%255B%255D%3DMen&p%5B1%5D=sort%3Dfeatured&p%5B2%5D=facets.brand%255B%255D%3DFrench%2BConnection&sid=t06%2Cr3o%2Caa1
08:02:2014,115,Gabriela Sabatini,1,http://www.flipkart.com/beauty-and-personal-care/fragrances/perfumes/pr?p%5B0%5D=facets.ideal_for%255B%255D%3DMen&p%5B1%5D=sort%3Dfeatured&p%5B2%5D=facets.brand%255B%255D%3DGabriela%2BSabatini&sid=t06%2Cr3o%2Caa1
08:02:2014,116,Game of Paris,1,http://www.flipkart.com/beauty-and-personal-care/fragrances/perfumes/pr?p%5B0%5D=facets.ideal_for%255B%255D%3DMen&p%5B1%5D=sort%3Dfeatured&p%5B2%5D=facets.brand%255B%255D%3DGame%2Bof%2BParis&sid=t06%2Cr3o%2Caa1
08:02:2014,117,GAP,2,http://www.flipkart.com/beauty-and-personal-care/fragrances/perfumes/pr?p%5B0%5D=facets.ideal_for%255B%255D%3DMen&p%5B1%5D=sort%3Dfeatured&p%5B2%5D=facets.brand%255B%255D%3DGAP&sid=t06%2Cr3o%2Caa1
08:02:2014,118,Gatsby,3,http://www.flipkart.com/beauty-and-personal-care/fragrances/perfumes/pr?p%5B0%5D=facets.ideal_for%255B%255D%3DMen&p%5B1%5D=sort%3Dfeatured&p%5B2%5D=facets.brand%255B%255D%3DGatsby&sid=t06%2Cr3o%2Caa1
08:02:2014,119,Geoffrey Beene,1,http://www.flipkart.com/beauty-and-personal-care/fragrances/perfumes/pr?p%5B0%5D=facets.ideal_for%255B%255D%3DMen&p%5B1%5D=sort%3Dfeatured&p%5B2%5D=facets.brand%255B%255D%3DGeoffrey%2BBeene&sid=t06%2Cr3o%2Caa1
08:02:2014,120,Geparlys,1,http://www.flipkart.com/beauty-and-personal-care/fragrances/perfumes/pr?p%5B0%5D=facets.ideal_for%255B%255D%3DMen&p%5B1%5D=sort%3Dfeatured&p%5B2%5D=facets.brand%255B%255D%3DGeparlys&sid=t06%2Cr3o%2Caa1
08:02:2014,121,Ghiaccio,1,http://www.flipkart.com/beauty-and-personal-care/fragrances/perfumes/pr?p%5B0%5D=facets.ideal_for%255B%255D%3DMen&p%5B1%5D=sort%3Dfeatured&p%5B2%5D=facets.brand%255B%255D%3DGhiaccio&sid=t06%2Cr3o%2Caa1
08:02:2014,122,Gianni Venturi,4,http://www.flipkart.com/beauty-and-personal-care/fragrances/perfumes/pr?p%5B0%5D=facets.ideal_for%255B%255D%3DMen&p%5B1%5D=sort%3Dfeatured&p%5B2%5D=facets.brand%255B%255D%3DGianni%2BVenturi&sid=t06%2Cr3o%2Caa1
08:02:2014,123,Giorgio Beverly Hills,2,http://www.flipkart.com/beauty-and-personal-care/fragrances/perfumes/pr?p%5B0%5D=facets.ideal_for%255B%255D%3DMen&p%5B1%5D=sort%3Dfeatured&p%5B2%5D=facets.brand%255B%255D%3DGiorgio%2BBeverly%2BHills&sid=t06%2Cr3o%2Caa1
08:02:2014,124,Girogio Valenti,2,http://www.flipkart.com/beauty-and-personal-care/fragrances/perfumes/pr?p%5B0%5D=facets.ideal_for%255B%255D%3DMen&p%5B1%5D=sort%3Dfeatured&p%5B2%5D=facets.brand%255B%255D%3DGirogio%2BValenti&sid=t06%2Cr3o%2Caa1
08:02:2014,125,Givenchy,13,http://www.flipkart.com/beauty-and-personal-care/fragrances/perfumes/pr?p%5B0%5D=facets.ideal_for%255B%255D%3DMen&p%5B1%5D=sort%3Dfeatured&p%5B2%5D=facets.brand%255B%255D%3DGivenchy&sid=t06%2Cr3o%2Caa1
08:02:2014,126,Guerlain,7,http://www.flipkart.com/beauty-and-personal-care/fragrances/perfumes/pr?p%5B0%5D=facets.ideal_for%255B%255D%3DMen&p%5B1%5D=sort%3Dfeatured&p%5B2%5D=facets.brand%255B%255D%3DGuerlain&sid=t06%2Cr3o%2Caa1
08:02:2014,127,Guess,6,http://www.flipkart.com/beauty-and-personal-care/fragrances/perfumes/pr?p%5B0%5D=facets.ideal_for%255B%255D%3DMen&p%5B1%5D=sort%3Dfeatured&p%5B2%5D=facets.brand%255B%255D%3DGuess&sid=t06%2Cr3o%2Caa1
08:02:2014,128,Guy Laroche,2,http://www.flipkart.com/beauty-and-personal-care/fragrances/perfumes/pr?p%5B0%5D=facets.ideal_for%255B%255D%3DMen&p%5B1%5D=sort%3Dfeatured&p%5B2%5D=facets.brand%255B%255D%3DGuy%2BLaroche&sid=t06%2Cr3o%2Caa1
08:02:2014,129,Hermes,12,http://www.flipkart.com/beauty-and-personal-care/fragrances/perfumes/pr?p%5B0%5D=facets.ideal_for%255B%255D%3DMen&p%5B1%5D=sort%3Dfeatured&p%5B2%5D=facets.brand%255B%255D%3DHermes&sid=t06%2Cr3o%2Caa1
08:02:2014,130,Hugo,13,http://www.flipkart.com/beauty-and-personal-care/fragrances/perfumes/pr?p%5B0%5D=facets.ideal_for%255B%255D%3DMen&p%5B1%5D=sort%3Dfeatured&p%5B2%5D=facets.brand%255B%255D%3DHugo&sid=t06%2Cr3o%2Caa1
08:02:2014,131,Hummer,2,http://www.flipkart.com/beauty-and-personal-care/fragrances/perfumes/pr?p%5B0%5D=facets.ideal_for%255B%255D%3DMen&p%5B1%5D=sort%3Dfeatured&p%5B2%5D=facets.brand%255B%255D%3DHummer&sid=t06%2Cr3o%2Caa1
08:02:2014,132,Iceberg,2,http://www.flipkart.com/beauty-and-personal-care/fragrances/perfumes/pr?p%5B0%5D=facets.ideal_for%255B%255D%3DMen&p%5B1%5D=sort%3Dfeatured&p%5B2%5D=facets.brand%255B%255D%3DIceberg&sid=t06%2Cr3o%2Caa1
08:02:2014,133,J. Del Pozo,3,http://www.flipkart.com/beauty-and-personal-care/fragrances/perfumes/pr?p%5B0%5D=facets.ideal_for%255B%255D%3DMen&p%5B1%5D=sort%3Dfeatured&p%5B2%5D=facets.brand%255B%255D%3DJ.%2BDel%2BPozo&sid=t06%2Cr3o%2Caa1
08:02:2014,134,Jacques Bogart,12,http://www.flipkart.com/beauty-and-personal-care/fragrances/perfumes/pr?p%5B0%5D=facets.ideal_for%255B%255D%3DMen&p%5B1%5D=sort%3Dfeatured&p%5B2%5D=facets.brand%255B%255D%3DJacques%2BBogart&sid=t06%2Cr3o%2Caa1
08:02:2014,135,Jaguar,15,http://www.flipkart.com/beauty-and-personal-care/fragrances/perfumes/pr?p%5B0%5D=facets.ideal_for%255B%255D%3DMen&p%5B1%5D=sort%3Dfeatured&p%5B2%5D=facets.brand%255B%255D%3DJaguar&sid=t06%2Cr3o%2Caa1
08:02:2014,136,James Bond,4,http://www.flipkart.com/beauty-and-personal-care/fragrances/perfumes/pr?p%5B0%5D=facets.ideal_for%255B%255D%3DMen&p%5B1%5D=sort%3Dfeatured&p%5B2%5D=facets.brand%255B%255D%3DJames%2BBond&sid=t06%2Cr3o%2Caa1
08:02:2014,137,Jay Z,1,http://www.flipkart.com/beauty-and-personal-care/fragrances/perfumes/pr?p%5B0%5D=facets.ideal_for%255B%255D%3DMen&p%5B1%5D=sort%3Dfeatured&p%5B2%5D=facets.brand%255B%255D%3DJay%2BZ&sid=t06%2Cr3o%2Caa1
08:02:2014,138,Jean Louis,1,http://www.flipkart.com/beauty-and-personal-care/fragrances/perfumes/pr?p%5B0%5D=facets.ideal_for%255B%255D%3DMen&p%5B1%5D=sort%3Dfeatured&p%5B2%5D=facets.brand%255B%255D%3DJean%2BLouis&sid=t06%2Cr3o%2Caa1
08:02:2014,139,Jean Louis Vermeil,1,http://www.flipkart.com/beauty-and-personal-care/fragrances/perfumes/pr?p%5B0%5D=facets.ideal_for%255B%255D%3DMen&p%5B1%5D=sort%3Dfeatured&p%5B2%5D=facets.brand%255B%255D%3DJean%2BLouis%2BVermeil&sid=t06%2Cr3o%2Caa1
08:02:2014,140,Jean Paul Gaultier,6,http://www.flipkart.com/beauty-and-personal-care/fragrances/perfumes/pr?p%5B0%5D=facets.ideal_for%255B%255D%3DMen&p%5B1%5D=sort%3Dfeatured&p%5B2%5D=facets.brand%255B%255D%3DJean%2BPaul%2BGaultier&sid=t06%2Cr3o%2Caa1
08:02:2014,141,Jeanne Arthes,10,http://www.flipkart.com/beauty-and-personal-care/fragrances/perfumes/pr?p%5B0%5D=facets.ideal_for%255B%255D%3DMen&p%5B1%5D=sort%3Dfeatured&p%5B2%5D=facets.brand%255B%255D%3DJeanne%2BArthes&sid=t06%2Cr3o%2Caa1
08:02:2014,142,Jockey,1,http://www.flipkart.com/beauty-and-personal-care/fragrances/perfumes/pr?p%5B0%5D=facets.ideal_for%255B%255D%3DMen&p%5B1%5D=sort%3Dfeatured&p%5B2%5D=facets.brand%255B%255D%3DJockey&sid=t06%2Cr3o%2Caa1
08:02:2014,143,John Hilton,1,http://www.flipkart.com/beauty-and-personal-care/fragrances/perfumes/pr?p%5B0%5D=facets.ideal_for%255B%255D%3DMen&p%5B1%5D=sort%3Dfeatured&p%5B2%5D=facets.brand%255B%255D%3DJohn%2BHilton&sid=t06%2Cr3o%2Caa1
08:02:2014,144,John Varvatos,5,http://www.flipkart.com/beauty-and-personal-care/fragrances/perfumes/pr?p%5B0%5D=facets.ideal_for%255B%255D%3DMen&p%5B1%5D=sort%3Dfeatured&p%5B2%5D=facets.brand%255B%255D%3DJohn%2BVarvatos&sid=t06%2Cr3o%2Caa1
08:02:2014,145,Joop,10,http://www.flipkart.com/beauty-and-personal-care/fragrances/perfumes/pr?p%5B0%5D=facets.ideal_for%255B%255D%3DMen&p%5B1%5D=sort%3Dfeatured&p%5B2%5D=facets.brand%255B%255D%3DJoop&sid=t06%2Cr3o%2Caa1
08:02:2014,146,Jovan,9,http://www.flipkart.com/beauty-and-personal-care/fragrances/perfumes/pr?p%5B0%5D=facets.ideal_for%255B%255D%3DMen&p%5B1%5D=sort%3Dfeatured&p%5B2%5D=facets.brand%255B%255D%3DJovan&sid=t06%2Cr3o%2Caa1
08:02:2014,147,Juicy Couture,1,http://www.flipkart.com/beauty-and-personal-care/fragrances/perfumes/pr?p%5B0%5D=facets.ideal_for%255B%255D%3DMen&p%5B1%5D=sort%3Dfeatured&p%5B2%5D=facets.brand%255B%255D%3DJuicy%2BCouture&sid=t06%2Cr3o%2Caa1
08:02:2014,148,Karl Lagerfeld,1,http://www.flipkart.com/beauty-and-personal-care/fragrances/perfumes/pr?p%5B0%5D=facets.ideal_for%255B%255D%3DMen&p%5B1%5D=sort%3Dfeatured&p%5B2%5D=facets.brand%255B%255D%3DKarl%2BLagerfeld&sid=t06%2Cr3o%2Caa1
08:02:2014,149,Kenneth Cole,1,http://www.flipkart.com/beauty-and-personal-care/fragrances/perfumes/pr?p%5B0%5D=facets.ideal_for%255B%255D%3DMen&p%5B1%5D=sort%3Dfeatured&p%5B2%5D=facets.brand%255B%255D%3DKenneth%2BCole&sid=t06%2Cr3o%2Caa1
08:02:2014,150,Kenzo,7,http://www.flipkart.com/beauty-and-personal-care/fragrances/perfumes/pr?p%5B0%5D=facets.ideal_for%255B%255D%3DMen&p%5B1%5D=sort%3Dfeatured&p%5B2%5D=facets.brand%255B%255D%3DKenzo&sid=t06%2Cr3o%2Caa1
08:02:2014,151,Kiss,1,http://www.flipkart.com/beauty-and-personal-care/fragrances/perfumes/pr?p%5B0%5D=facets.ideal_for%255B%255D%3DMen&p%5B1%5D=sort%3Dfeatured&p%5B2%5D=facets.brand%255B%255D%3DKiss&sid=t06%2Cr3o%2Caa1
08:02:2014,152,Kiton,1,http://www.flipkart.com/beauty-and-personal-care/fragrances/perfumes/pr?p%5B0%5D=facets.ideal_for%255B%255D%3DMen&p%5B1%5D=sort%3Dfeatured&p%5B2%5D=facets.brand%255B%255D%3DKiton&sid=t06%2Cr3o%2Caa1
08:02:2014,153,Lalique,5,http://www.flipkart.com/beauty-and-personal-care/fragrances/perfumes/pr?p%5B0%5D=facets.ideal_for%255B%255D%3DMen&p%5B1%5D=sort%3Dfeatured&p%5B2%5D=facets.brand%255B%255D%3DLalique&sid=t06%2Cr3o%2Caa1
08:02:2014,154,Lanvin,6,http://www.flipkart.com/beauty-and-personal-care/fragrances/perfumes/pr?p%5B0%5D=facets.ideal_for%255B%255D%3DMen&p%5B1%5D=sort%3Dfeatured&p%5B2%5D=facets.brand%255B%255D%3DLanvin&sid=t06%2Cr3o%2Caa1
08:02:2014,155,Lee Cooper,2,http://www.flipkart.com/beauty-and-personal-care/fragrances/perfumes/pr?p%5B0%5D=facets.ideal_for%255B%255D%3DMen&p%5B1%5D=sort%3Dfeatured&p%5B2%5D=facets.brand%255B%255D%3DLee%2BCooper&sid=t06%2Cr3o%2Caa1
08:02:2014,156,Liz Claiborne,2,http://www.flipkart.com/beauty-and-personal-care/fragrances/perfumes/pr?p%5B0%5D=facets.ideal_for%255B%255D%3DMen&p%5B1%5D=sort%3Dfeatured&p%5B2%5D=facets.brand%255B%255D%3DLiz%2BClaiborne&sid=t06%2Cr3o%2Caa1
08:02:2014,157,Logic,8,http://www.flipkart.com/beauty-and-personal-care/fragrances/perfumes/pr?p%5B0%5D=facets.ideal_for%255B%255D%3DMen&p%5B1%5D=sort%3Dfeatured&p%5B2%5D=facets.brand%255B%255D%3DLogic&sid=t06%2Cr3o%2Caa1
08:02:2014,158,London,1,http://www.flipkart.com/beauty-and-personal-care/fragrances/perfumes/pr?p%5B0%5D=facets.ideal_for%255B%255D%3DMen&p%5B1%5D=sort%3Dfeatured&p%5B2%5D=facets.brand%255B%255D%3DLondon&sid=t06%2Cr3o%2Caa1
08:02:2014,159,Lotto,3,http://www.flipkart.com/beauty-and-personal-care/fragrances/perfumes/pr?p%5B0%5D=facets.ideal_for%255B%255D%3DMen&p%5B1%5D=sort%3Dfeatured&p%5B2%5D=facets.brand%255B%255D%3DLotto&sid=t06%2Cr3o%2Caa1
08:02:2014,160,Louis Armand,4,http://www.flipkart.com/beauty-and-personal-care/fragrances/perfumes/pr?p%5B0%5D=facets.ideal_for%255B%255D%3DMen&p%5B1%5D=sort%3Dfeatured&p%5B2%5D=facets.brand%255B%255D%3DLouis%2BArmand&sid=t06%2Cr3o%2Caa1
08:02:2014,161,Luciano Soprani,2,http://www.flipkart.com/beauty-and-personal-care/fragrances/perfumes/pr?p%5B0%5D=facets.ideal_for%255B%255D%3DMen&p%5B1%5D=sort%3Dfeatured&p%5B2%5D=facets.brand%255B%255D%3DLuciano%2BSoprani&sid=t06%2Cr3o%2Caa1
08:02:2014,162,Mancera,1,http://www.flipkart.com/beauty-and-personal-care/fragrances/perfumes/pr?p%5B0%5D=facets.ideal_for%255B%255D%3DMen&p%5B1%5D=sort%3Dfeatured&p%5B2%5D=facets.brand%255B%255D%3DMancera&sid=t06%2Cr3o%2Caa1
08:02:2014,163,Manufaktura,1,http://www.flipkart.com/beauty-and-personal-care/fragrances/perfumes/pr?p%5B0%5D=facets.ideal_for%255B%255D%3DMen&p%5B1%5D=sort%3Dfeatured&p%5B2%5D=facets.brand%255B%255D%3DManufaktura&sid=t06%2Cr3o%2Caa1
08:02:2014,164,Marc Jacobs,2,http://www.flipkart.com/beauty-and-personal-care/fragrances/perfumes/pr?p%5B0%5D=facets.ideal_for%255B%255D%3DMen&p%5B1%5D=sort%3Dfeatured&p%5B2%5D=facets.brand%255B%255D%3DMarc%2BJacobs&sid=t06%2Cr3o%2Caa1
08:02:2014,165,Mare,1,http://www.flipkart.com/beauty-and-personal-care/fragrances/perfumes/pr?p%5B0%5D=facets.ideal_for%255B%255D%3DMen&p%5B1%5D=sort%3Dfeatured&p%5B2%5D=facets.brand%255B%255D%3DMare&sid=t06%2Cr3o%2Caa1
08:02:2014,166,Marvel,1,http://www.flipkart.com/beauty-and-personal-care/fragrances/perfumes/pr?p%5B0%5D=facets.ideal_for%255B%255D%3DMen&p%5B1%5D=sort%3Dfeatured&p%5B2%5D=facets.brand%255B%255D%3DMarvel&sid=t06%2Cr3o%2Caa1
08:02:2014,167,Mary Quant.,1,http://www.flipkart.com/beauty-and-personal-care/fragrances/perfumes/pr?p%5B0%5D=facets.ideal_for%255B%255D%3DMen&p%5B1%5D=sort%3Dfeatured&p%5B2%5D=facets.brand%255B%255D%3DMary%2BQuant.&sid=t06%2Cr3o%2Caa1
08:02:2014,168,Maurer and Wirtz,1,http://www.flipkart.com/beauty-and-personal-care/fragrances/perfumes/pr?p%5B0%5D=facets.ideal_for%255B%255D%3DMen&p%5B1%5D=sort%3Dfeatured&p%5B2%5D=facets.brand%255B%255D%3DMaurer%2Band%2BWirtz&sid=t06%2Cr3o%2Caa1
08:02:2014,169,Maxi,1,http://www.flipkart.com/beauty-and-personal-care/fragrances/perfumes/pr?p%5B0%5D=facets.ideal_for%255B%255D%3DMen&p%5B1%5D=sort%3Dfeatured&p%5B2%5D=facets.brand%255B%255D%3DMaxi&sid=t06%2Cr3o%2Caa1
08:02:2014,170,Mercedes Benz,2,http://www.flipkart.com/beauty-and-personal-care/fragrances/perfumes/pr?p%5B0%5D=facets.ideal_for%255B%255D%3DMen&p%5B1%5D=sort%3Dfeatured&p%5B2%5D=facets.brand%255B%255D%3DMercedes%2BBenz&sid=t06%2Cr3o%2Caa1
08:02:2014,171,Mila Schon,1,http://www.flipkart.com/beauty-and-personal-care/fragrances/perfumes/pr?p%5B0%5D=facets.ideal_for%255B%255D%3DMen&p%5B1%5D=sort%3Dfeatured&p%5B2%5D=facets.brand%255B%255D%3DMila%2BSchon&sid=t06%2Cr3o%2Caa1
08:02:2014,172,Milton Llyod,3,http://www.flipkart.com/beauty-and-personal-care/fragrances/perfumes/pr?p%5B0%5D=facets.ideal_for%255B%255D%3DMen&p%5B1%5D=sort%3Dfeatured&p%5B2%5D=facets.brand%255B%255D%3DMilton%2BLlyod&sid=t06%2Cr3o%2Caa1
08:02:2014,173,Montale,2,http://www.flipkart.com/beauty-and-personal-care/fragrances/perfumes/pr?p%5B0%5D=facets.ideal_for%255B%255D%3DMen&p%5B1%5D=sort%3Dfeatured&p%5B2%5D=facets.brand%255B%255D%3DMontale&sid=t06%2Cr3o%2Caa1
08:02:2014,174,Moschino,2,http://www.flipkart.com/beauty-and-personal-care/fragrances/perfumes/pr?p%5B0%5D=facets.ideal_for%255B%255D%3DMen&p%5B1%5D=sort%3Dfeatured&p%5B2%5D=facets.brand%255B%255D%3DMoschino&sid=t06%2Cr3o%2Caa1
08:02:2014,175,MTV,3,http://www.flipkart.com/beauty-and-personal-care/fragrances/perfumes/pr?p%5B0%5D=facets.ideal_for%255B%255D%3DMen&p%5B1%5D=sort%3Dfeatured&p%5B2%5D=facets.brand%255B%255D%3DMTV&sid=t06%2Cr3o%2Caa1
08:02:2014,176,Muelhens,2,http://www.flipkart.com/beauty-and-personal-care/fragrances/perfumes/pr?p%5B0%5D=facets.ideal_for%255B%255D%3DMen&p%5B1%5D=sort%3Dfeatured&p%5B2%5D=facets.brand%255B%255D%3DMuelhens&sid=t06%2Cr3o%2Caa1
08:02:2014,177,Myrurgia,1,http://www.flipkart.com/beauty-and-personal-care/fragrances/perfumes/pr?p%5B0%5D=facets.ideal_for%255B%255D%3DMen&p%5B1%5D=sort%3Dfeatured&p%5B2%5D=facets.brand%255B%255D%3DMyrurgia&sid=t06%2Cr3o%2Caa1
08:02:2014,178,Narciso Rodriguez,1,http://www.flipkart.com/beauty-and-personal-care/fragrances/perfumes/pr?p%5B0%5D=facets.ideal_for%255B%255D%3DMen&p%5B1%5D=sort%3Dfeatured&p%5B2%5D=facets.brand%255B%255D%3DNarciso%2BRodriguez&sid=t06%2Cr3o%2Caa1
08:02:2014,179,Nautica,8,http://www.flipkart.com/beauty-and-personal-care/fragrances/perfumes/pr?p%5B0%5D=facets.ideal_for%255B%255D%3DMen&p%5B1%5D=sort%3Dfeatured&p%5B2%5D=facets.brand%255B%255D%3DNautica&sid=t06%2Cr3o%2Caa1
08:02:2014,180,NBA,7,http://www.flipkart.com/beauty-and-personal-care/fragrances/perfumes/pr?p%5B0%5D=facets.ideal_for%255B%255D%3DMen&p%5B1%5D=sort%3Dfeatured&p%5B2%5D=facets.brand%255B%255D%3DNBA&sid=t06%2Cr3o%2Caa1
08:02:2014,181,Next Care,19,http://www.flipkart.com/beauty-and-personal-care/fragrances/perfumes/pr?p%5B0%5D=facets.ideal_for%255B%255D%3DMen&p%5B1%5D=sort%3Dfeatured&p%5B2%5D=facets.brand%255B%255D%3DNext%2BCare&sid=t06%2Cr3o%2Caa1
08:02:2014,182,Nickelodeon,1,http://www.flipkart.com/beauty-and-personal-care/fragrances/perfumes/pr?p%5B0%5D=facets.ideal_for%255B%255D%3DMen&p%5B1%5D=sort%3Dfeatured&p%5B2%5D=facets.brand%255B%255D%3DNickelodeon&sid=t06%2Cr3o%2Caa1
08:02:2014,183,Nikos,2,http://www.flipkart.com/beauty-and-personal-care/fragrances/perfumes/pr?p%5B0%5D=facets.ideal_for%255B%255D%3DMen&p%5B1%5D=sort%3Dfeatured&p%5B2%5D=facets.brand%255B%255D%3DNikos&sid=t06%2Cr3o%2Caa1
08:02:2014,184,Nu Parfums,1,http://www.flipkart.com/beauty-and-personal-care/fragrances/perfumes/pr?p%5B0%5D=facets.ideal_for%255B%255D%3DMen&p%5B1%5D=sort%3Dfeatured&p%5B2%5D=facets.brand%255B%255D%3DNu%2BParfums&sid=t06%2Cr3o%2Caa1
08:02:2014,185,Nuroma,2,http://www.flipkart.com/beauty-and-personal-care/fragrances/perfumes/pr?p%5B0%5D=facets.ideal_for%255B%255D%3DMen&p%5B1%5D=sort%3Dfeatured&p%5B2%5D=facets.brand%255B%255D%3DNuroma&sid=t06%2Cr3o%2Caa1
08:02:2014,186,Oriflame,1,http://www.flipkart.com/beauty-and-personal-care/fragrances/perfumes/pr?p%5B0%5D=facets.ideal_for%255B%255D%3DMen&p%5B1%5D=sort%3Dfeatured&p%5B2%5D=facets.brand%255B%255D%3DOriflame&sid=t06%2Cr3o%2Caa1
08:02:2014,187,Pal Zileri,2,http://www.flipkart.com/beauty-and-personal-care/fragrances/perfumes/pr?p%5B0%5D=facets.ideal_for%255B%255D%3DMen&p%5B1%5D=sort%3Dfeatured&p%5B2%5D=facets.brand%255B%255D%3DPal%2BZileri&sid=t06%2Cr3o%2Caa1
08:02:2014,188,Palzileri,1,http://www.flipkart.com/beauty-and-personal-care/fragrances/perfumes/pr?p%5B0%5D=facets.ideal_for%255B%255D%3DMen&p%5B1%5D=sort%3Dfeatured&p%5B2%5D=facets.brand%255B%255D%3DPalzileri&sid=t06%2Cr3o%2Caa1
08:02:2014,189,Parfums Gres,1,http://www.flipkart.com/beauty-and-personal-care/fragrances/perfumes/pr?p%5B0%5D=facets.ideal_for%255B%255D%3DMen&p%5B1%5D=sort%3Dfeatured&p%5B2%5D=facets.brand%255B%255D%3DParfums%2BGres&sid=t06%2Cr3o%2Caa1
08:02:2014,190,Paris Hilton,3,http://www.flipkart.com/beauty-and-personal-care/fragrances/perfumes/pr?p%5B0%5D=facets.ideal_for%255B%255D%3DMen&p%5B1%5D=sort%3Dfeatured&p%5B2%5D=facets.brand%255B%255D%3DParis%2BHilton&sid=t06%2Cr3o%2Caa1
08:02:2014,191,Parisvally,4,http://www.flipkart.com/beauty-and-personal-care/fragrances/perfumes/pr?p%5B0%5D=facets.ideal_for%255B%255D%3DMen&p%5B1%5D=sort%3Dfeatured&p%5B2%5D=facets.brand%255B%255D%3DParisvally&sid=t06%2Cr3o%2Caa1
08:02:2014,192,Park Avenue,8,http://www.flipkart.com/beauty-and-personal-care/fragrances/perfumes/pr?p%5B0%5D=facets.ideal_for%255B%255D%3DMen&p%5B1%5D=sort%3Dfeatured&p%5B2%5D=facets.brand%255B%255D%3DPark%2BAvenue&sid=t06%2Cr3o%2Caa1
08:02:2014,193,Paul Smith,5,http://www.flipkart.com/beauty-and-personal-care/fragrances/perfumes/pr?p%5B0%5D=facets.ideal_for%255B%255D%3DMen&p%5B1%5D=sort%3Dfeatured&p%5B2%5D=facets.brand%255B%255D%3DPaul%2BSmith&sid=t06%2Cr3o%2Caa1
08:02:2014,194,Perfumeria Antica,1,http://www.flipkart.com/beauty-and-personal-care/fragrances/perfumes/pr?p%5B0%5D=facets.ideal_for%255B%255D%3DMen&p%5B1%5D=sort%3Dfeatured&p%5B2%5D=facets.brand%255B%255D%3DPerfumeria%2BAntica&sid=t06%2Cr3o%2Caa1
08:02:2014,195,Perfumers Workshop,1,http://www.flipkart.com/beauty-and-personal-care/fragrances/perfumes/pr?p%5B0%5D=facets.ideal_for%255B%255D%3DMen&p%5B1%5D=sort%3Dfeatured&p%5B2%5D=facets.brand%255B%255D%3DPerfumers%2BWorkshop&sid=t06%2Cr3o%2Caa1
08:02:2014,196,Perry Ellis,8,http://www.flipkart.com/beauty-and-personal-care/fragrances/perfumes/pr?p%5B0%5D=facets.ideal_for%255B%255D%3DMen&p%5B1%5D=sort%3Dfeatured&p%5B2%5D=facets.brand%255B%255D%3DPerry%2BEllis&sid=t06%2Cr3o%2Caa1
08:02:2014,197,Pierre Cardin,2,http://www.flipkart.com/beauty-and-personal-care/fragrances/perfumes/pr?p%5B0%5D=facets.ideal_for%255B%255D%3DMen&p%5B1%5D=sort%3Dfeatured&p%5B2%5D=facets.brand%255B%255D%3DPierre%2BCardin&sid=t06%2Cr3o%2Caa1
08:02:2014,198,Playboy,9,http://www.flipkart.com/beauty-and-personal-care/fragrances/perfumes/pr?p%5B0%5D=facets.ideal_for%255B%255D%3DMen&p%5B1%5D=sort%3Dfeatured&p%5B2%5D=facets.brand%255B%255D%3DPlayboy&sid=t06%2Cr3o%2Caa1
08:02:2014,199,Police,18,http://www.flipkart.com/beauty-and-personal-care/fragrances/perfumes/pr?p%5B0%5D=facets.ideal_for%255B%255D%3DMen&p%5B1%5D=sort%3Dfeatured&p%5B2%5D=facets.brand%255B%255D%3DPolice&sid=t06%2Cr3o%2Caa1
08:02:2014,200,Porsche Design,3,http://www.flipkart.com/beauty-and-personal-care/fragrances/perfumes/pr?p%5B0%5D=facets.ideal_for%255B%255D%3DMen&p%5B1%5D=sort%3Dfeatured&p%5B2%5D=facets.brand%255B%255D%3DPorsche%2BDesign&sid=t06%2Cr3o%2Caa1
08:02:2014,201,Prada,4,http://www.flipkart.com/beauty-and-personal-care/fragrances/perfumes/pr?p%5B0%5D=facets.ideal_for%255B%255D%3DMen&p%5B1%5D=sort%3Dfeatured&p%5B2%5D=facets.brand%255B%255D%3DPrada&sid=t06%2Cr3o%2Caa1
08:02:2014,202,Puig,1,http://www.flipkart.com/beauty-and-personal-care/fragrances/perfumes/pr?p%5B0%5D=facets.ideal_for%255B%255D%3DMen&p%5B1%5D=sort%3Dfeatured&p%5B2%5D=facets.brand%255B%255D%3DPuig&sid=t06%2Cr3o%2Caa1
08:02:2014,203,Ramco Products,8,http://www.flipkart.com/beauty-and-personal-care/fragrances/perfumes/pr?p%5B0%5D=facets.ideal_for%255B%255D%3DMen&p%5B1%5D=sort%3Dfeatured&p%5B2%5D=facets.brand%255B%255D%3DRamco%2BProducts&sid=t06%2Cr3o%2Caa1
08:02:2014,204,Ramsons Products,4,http://www.flipkart.com/beauty-and-personal-care/fragrances/perfumes/pr?p%5B0%5D=facets.ideal_for%255B%255D%3DMen&p%5B1%5D=sort%3Dfeatured&p%5B2%5D=facets.brand%255B%255D%3DRamsons%2BProducts&sid=t06%2Cr3o%2Caa1
08:02:2014,205,Ramy Latour,1,http://www.flipkart.com/beauty-and-personal-care/fragrances/perfumes/pr?p%5B0%5D=facets.ideal_for%255B%255D%3DMen&p%5B1%5D=sort%3Dfeatured&p%5B2%5D=facets.brand%255B%255D%3DRamy%2BLatour&sid=t06%2Cr3o%2Caa1
08:02:2014,206,Raymond,8,http://www.flipkart.com/beauty-and-personal-care/fragrances/perfumes/pr?p%5B0%5D=facets.ideal_for%255B%255D%3DMen&p%5B1%5D=sort%3Dfeatured&p%5B2%5D=facets.brand%255B%255D%3DRaymond&sid=t06%2Cr3o%2Caa1
08:02:2014,207,Remy Latour,2,http://www.flipkart.com/beauty-and-personal-care/fragrances/perfumes/pr?p%5B0%5D=facets.ideal_for%255B%255D%3DMen&p%5B1%5D=sort%3Dfeatured&p%5B2%5D=facets.brand%255B%255D%3DRemy%2BLatour&sid=t06%2Cr3o%2Caa1
08:02:2014,208,Remy Marquis,1,http://www.flipkart.com/beauty-and-personal-care/fragrances/perfumes/pr?p%5B0%5D=facets.ideal_for%255B%255D%3DMen&p%5B1%5D=sort%3Dfeatured&p%5B2%5D=facets.brand%255B%255D%3DRemy%2BMarquis&sid=t06%2Cr3o%2Caa1
08:02:2014,209,Revlon,1,http://www.flipkart.com/beauty-and-personal-care/fragrances/perfumes/pr?p%5B0%5D=facets.ideal_for%255B%255D%3DMen&p%5B1%5D=sort%3Dfeatured&p%5B2%5D=facets.brand%255B%255D%3DRevlon&sid=t06%2Cr3o%2Caa1
08:02:2014,210,Risingwave,1,http://www.flipkart.com/beauty-and-personal-care/fragrances/perfumes/pr?p%5B0%5D=facets.ideal_for%255B%255D%3DMen&p%5B1%5D=sort%3Dfeatured&p%5B2%5D=facets.brand%255B%255D%3DRisingwave&sid=t06%2Cr3o%2Caa1
08:02:2014,211,Riya,2,http://www.flipkart.com/beauty-and-personal-care/fragrances/perfumes/pr?p%5B0%5D=facets.ideal_for%255B%255D%3DMen&p%5B1%5D=sort%3Dfeatured&p%5B2%5D=facets.brand%255B%255D%3DRiya&sid=t06%2Cr3o%2Caa1
08:02:2014,212,Roberto Cavalli,2,http://www.flipkart.com/beauty-and-personal-care/fragrances/perfumes/pr?p%5B0%5D=facets.ideal_for%255B%255D%3DMen&p%5B1%5D=sort%3Dfeatured&p%5B2%5D=facets.brand%255B%255D%3DRoberto%2BCavalli&sid=t06%2Cr3o%2Caa1
08:02:2014,213,Roger & Gallet,1,http://www.flipkart.com/beauty-and-personal-care/fragrances/perfumes/pr?p%5B0%5D=facets.ideal_for%255B%255D%3DMen&p%5B1%5D=sort%3Dfeatured&p%5B2%5D=facets.brand%255B%255D%3DRoger%2B%2526%2BGallet&sid=t06%2Cr3o%2Caa1
08:02:2014,214,Romeo Gigli,1,http://www.flipkart.com/beauty-and-personal-care/fragrances/perfumes/pr?p%5B0%5D=facets.ideal_for%255B%255D%3DMen&p%5B1%5D=sort%3Dfeatured&p%5B2%5D=facets.brand%255B%255D%3DRomeo%2BGigli&sid=t06%2Cr3o%2Caa1
08:02:2014,215,Royal Copenhagen,2,http://www.flipkart.com/beauty-and-personal-care/fragrances/perfumes/pr?p%5B0%5D=facets.ideal_for%255B%255D%3DMen&p%5B1%5D=sort%3Dfeatured&p%5B2%5D=facets.brand%255B%255D%3DRoyal%2BCopenhagen&sid=t06%2Cr3o%2Caa1
08:02:2014,216,Royal Mirage,4,http://www.flipkart.com/beauty-and-personal-care/fragrances/perfumes/pr?p%5B0%5D=facets.ideal_for%255B%255D%3DMen&p%5B1%5D=sort%3Dfeatured&p%5B2%5D=facets.brand%255B%255D%3DRoyal%2BMirage&sid=t06%2Cr3o%2Caa1
08:02:2014,217,S.T. Dupont,4,http://www.flipkart.com/beauty-and-personal-care/fragrances/perfumes/pr?p%5B0%5D=facets.ideal_for%255B%255D%3DMen&p%5B1%5D=sort%3Dfeatured&p%5B2%5D=facets.brand%255B%255D%3DS.T.%2BDupont&sid=t06%2Cr3o%2Caa1
08:02:2014,218,Sakamichi Paris,1,http://www.flipkart.com/beauty-and-personal-care/fragrances/perfumes/pr?p%5B0%5D=facets.ideal_for%255B%255D%3DMen&p%5B1%5D=sort%3Dfeatured&p%5B2%5D=facets.brand%255B%255D%3DSakamichi%2BParis&sid=t06%2Cr3o%2Caa1
08:02:2014,219,Salvatore Ferragamo,8,http://www.flipkart.com/beauty-and-personal-care/fragrances/perfumes/pr?p%5B0%5D=facets.ideal_for%255B%255D%3DMen&p%5B1%5D=sort%3Dfeatured&p%5B2%5D=facets.brand%255B%255D%3DSalvatore%2BFerragamo&sid=t06%2Cr3o%2Caa1
08:02:2014,220,Sean John,1,http://www.flipkart.com/beauty-and-personal-care/fragrances/perfumes/pr?p%5B0%5D=facets.ideal_for%255B%255D%3DMen&p%5B1%5D=sort%3Dfeatured&p%5B2%5D=facets.brand%255B%255D%3DSean%2BJohn&sid=t06%2Cr3o%2Caa1
08:02:2014,221,Seris Parfume,5,http://www.flipkart.com/beauty-and-personal-care/fragrances/perfumes/pr?p%5B0%5D=facets.ideal_for%255B%255D%3DMen&p%5B1%5D=sort%3Dfeatured&p%5B2%5D=facets.brand%255B%255D%3DSeris%2BParfume&sid=t06%2Cr3o%2Caa1
08:02:2014,222,Snobz,8,http://www.flipkart.com/beauty-and-personal-care/fragrances/perfumes/pr?p%5B0%5D=facets.ideal_for%255B%255D%3DMen&p%5B1%5D=sort%3Dfeatured&p%5B2%5D=facets.brand%255B%255D%3DSnobz&sid=t06%2Cr3o%2Caa1
08:02:2014,223,Society Parfums,1,http://www.flipkart.com/beauty-and-personal-care/fragrances/perfumes/pr?p%5B0%5D=facets.ideal_for%255B%255D%3DMen&p%5B1%5D=sort%3Dfeatured&p%5B2%5D=facets.brand%255B%255D%3DSociety%2BParfums&sid=t06%2Cr3o%2Caa1
08:02:2014,224,SS Perfumes,1,http://www.flipkart.com/beauty-and-personal-care/fragrances/perfumes/pr?p%5B0%5D=facets.ideal_for%255B%255D%3DMen&p%5B1%5D=sort%3Dfeatured&p%5B2%5D=facets.brand%255B%255D%3DSS%2BPerfumes&sid=t06%2Cr3o%2Caa1
08:02:2014,225,St. Louis inc.,1,http://www.flipkart.com/beauty-and-personal-care/fragrances/perfumes/pr?p%5B0%5D=facets.ideal_for%255B%255D%3DMen&p%5B1%5D=sort%3Dfeatured&p%5B2%5D=facets.brand%255B%255D%3DSt.%2BLouis%2Binc.&sid=t06%2Cr3o%2Caa1
08:02:2014,226,Star Luxe,1,http://www.flipkart.com/beauty-and-personal-care/fragrances/perfumes/pr?p%5B0%5D=facets.ideal_for%255B%255D%3DMen&p%5B1%5D=sort%3Dfeatured&p%5B2%5D=facets.brand%255B%255D%3DStar%2BLuxe&sid=t06%2Cr3o%2Caa1
08:02:2014,227,Steve McQueen,1,http://www.flipkart.com/beauty-and-personal-care/fragrances/perfumes/pr?p%5B0%5D=facets.ideal_for%255B%255D%3DMen&p%5B1%5D=sort%3Dfeatured&p%5B2%5D=facets.brand%255B%255D%3DSteve%2BMcQueen&sid=t06%2Cr3o%2Caa1
08:02:2014,228,Swiss Arabian,4,http://www.flipkart.com/beauty-and-personal-care/fragrances/perfumes/pr?p%5B0%5D=facets.ideal_for%255B%255D%3DMen&p%5B1%5D=sort%3Dfeatured&p%5B2%5D=facets.brand%255B%255D%3DSwiss%2BArabian&sid=t06%2Cr3o%2Caa1
08:02:2014,229,Swiss Army,9,http://www.flipkart.com/beauty-and-personal-care/fragrances/perfumes/pr?p%5B0%5D=facets.ideal_for%255B%255D%3DMen&p%5B1%5D=sort%3Dfeatured&p%5B2%5D=facets.brand%255B%255D%3DSwiss%2BArmy&sid=t06%2Cr3o%2Caa1
08:02:2014,230,Tabac,5,http://www.flipkart.com/beauty-and-personal-care/fragrances/perfumes/pr?p%5B0%5D=facets.ideal_for%255B%255D%3DMen&p%5B1%5D=sort%3Dfeatured&p%5B2%5D=facets.brand%255B%255D%3DTabac&sid=t06%2Cr3o%2Caa1
08:02:2014,231,Tatha,2,http://www.flipkart.com/beauty-and-personal-care/fragrances/perfumes/pr?p%5B0%5D=facets.ideal_for%255B%255D%3DMen&p%5B1%5D=sort%3Dfeatured&p%5B2%5D=facets.brand%255B%255D%3DTatha&sid=t06%2Cr3o%2Caa1
08:02:2014,232,Ted Lapidus,1,http://www.flipkart.com/beauty-and-personal-care/fragrances/perfumes/pr?p%5B0%5D=facets.ideal_for%255B%255D%3DMen&p%5B1%5D=sort%3Dfeatured&p%5B2%5D=facets.brand%255B%255D%3DTed%2BLapidus&sid=t06%2Cr3o%2Caa1
08:02:2014,233,Thierry Mugler,7,http://www.flipkart.com/beauty-and-personal-care/fragrances/perfumes/pr?p%5B0%5D=facets.ideal_for%255B%255D%3DMen&p%5B1%5D=sort%3Dfeatured&p%5B2%5D=facets.brand%255B%255D%3DThierry%2BMugler&sid=t06%2Cr3o%2Caa1
08:02:2014,234,Titan Skinn,3,http://www.flipkart.com/beauty-and-personal-care/fragrances/perfumes/pr?p%5B0%5D=facets.ideal_for%255B%255D%3DMen&p%5B1%5D=sort%3Dfeatured&p%5B2%5D=facets.brand%255B%255D%3DTitan%2BSkinn&sid=t06%2Cr3o%2Caa1
08:02:2014,235,Tom Ford,7,http://www.flipkart.com/beauty-and-personal-care/fragrances/perfumes/pr?p%5B0%5D=facets.ideal_for%255B%255D%3DMen&p%5B1%5D=sort%3Dfeatured&p%5B2%5D=facets.brand%255B%255D%3DTom%2BFord&sid=t06%2Cr3o%2Caa1
08:02:2014,236,Tommy Hilfiger,7,http://www.flipkart.com/beauty-and-personal-care/fragrances/perfumes/pr?p%5B0%5D=facets.ideal_for%255B%255D%3DMen&p%5B1%5D=sort%3Dfeatured&p%5B2%5D=facets.brand%255B%255D%3DTommy%2BHilfiger&sid=t06%2Cr3o%2Caa1
08:02:2014,237,Tonino Lamborghini,4,http://www.flipkart.com/beauty-and-personal-care/fragrances/perfumes/pr?p%5B0%5D=facets.ideal_for%255B%255D%3DMen&p%5B1%5D=sort%3Dfeatured&p%5B2%5D=facets.brand%255B%255D%3DTonino%2BLamborghini&sid=t06%2Cr3o%2Caa1
08:02:2014,238,Tous,4,http://www.flipkart.com/beauty-and-personal-care/fragrances/perfumes/pr?p%5B0%5D=facets.ideal_for%255B%255D%3DMen&p%5B1%5D=sort%3Dfeatured&p%5B2%5D=facets.brand%255B%255D%3DTous&sid=t06%2Cr3o%2Caa1
08:02:2014,239,Trescho,1,http://www.flipkart.com/beauty-and-personal-care/fragrances/perfumes/pr?p%5B0%5D=facets.ideal_for%255B%255D%3DMen&p%5B1%5D=sort%3Dfeatured&p%5B2%5D=facets.brand%255B%255D%3DTrescho&sid=t06%2Cr3o%2Caa1
08:02:2014,240,Trussardi,1,http://www.flipkart.com/beauty-and-personal-care/fragrances/perfumes/pr?p%5B0%5D=facets.ideal_for%255B%255D%3DMen&p%5B1%5D=sort%3Dfeatured&p%5B2%5D=facets.brand%255B%255D%3DTrussardi&sid=t06%2Cr3o%2Caa1
08:02:2014,241,UDV,9,http://www.flipkart.com/beauty-and-personal-care/fragrances/perfumes/pr?p%5B0%5D=facets.ideal_for%255B%255D%3DMen&p%5B1%5D=sort%3Dfeatured&p%5B2%5D=facets.brand%255B%255D%3DUDV&sid=t06%2Cr3o%2Caa1
08:02:2014,242,Ulric De Varens,1,http://www.flipkart.com/beauty-and-personal-care/fragrances/perfumes/pr?p%5B0%5D=facets.ideal_for%255B%255D%3DMen&p%5B1%5D=sort%3Dfeatured&p%5B2%5D=facets.brand%255B%255D%3DUlric%2BDe%2BVarens&sid=t06%2Cr3o%2Caa1
08:02:2014,243,Ungaro,1,http://www.flipkart.com/beauty-and-personal-care/fragrances/perfumes/pr?p%5B0%5D=facets.ideal_for%255B%255D%3DMen&p%5B1%5D=sort%3Dfeatured&p%5B2%5D=facets.brand%255B%255D%3DUngaro&sid=t06%2Cr3o%2Caa1
08:02:2014,244,United Colors of Benetton,6,http://www.flipkart.com/beauty-and-personal-care/fragrances/perfumes/pr?p%5B0%5D=facets.ideal_for%255B%255D%3DMen&p%5B1%5D=sort%3Dfeatured&p%5B2%5D=facets.brand%255B%255D%3DUnited%2BColors%2Bof%2BBenetton&sid=t06%2Cr3o%2Caa1
08:02:2014,245,United Fun,3,http://www.flipkart.com/beauty-and-personal-care/fragrances/perfumes/pr?p%5B0%5D=facets.ideal_for%255B%255D%3DMen&p%5B1%5D=sort%3Dfeatured&p%5B2%5D=facets.brand%255B%255D%3DUnited%2BFun&sid=t06%2Cr3o%2Caa1
08:02:2014,246,Usher,1,http://www.flipkart.com/beauty-and-personal-care/fragrances/perfumes/pr?p%5B0%5D=facets.ideal_for%255B%255D%3DMen&p%5B1%5D=sort%3Dfeatured&p%5B2%5D=facets.brand%255B%255D%3DUsher&sid=t06%2Cr3o%2Caa1
08:02:2014,247,Valentino,2,http://www.flipkart.com/beauty-and-personal-care/fragrances/perfumes/pr?p%5B0%5D=facets.ideal_for%255B%255D%3DMen&p%5B1%5D=sort%3Dfeatured&p%5B2%5D=facets.brand%255B%255D%3DValentino&sid=t06%2Cr3o%2Caa1
08:02:2014,248,Van Cleef & Arpels,2,http://www.flipkart.com/beauty-and-personal-care/fragrances/perfumes/pr?p%5B0%5D=facets.ideal_for%255B%255D%3DMen&p%5B1%5D=sort%3Dfeatured&p%5B2%5D=facets.brand%255B%255D%3DVan%2BCleef%2B%2526%2BArpels&sid=t06%2Cr3o%2Caa1
08:02:2014,249,Vanesa,1,http://www.flipkart.com/beauty-and-personal-care/fragrances/perfumes/pr?p%5B0%5D=facets.ideal_for%255B%255D%3DMen&p%5B1%5D=sort%3Dfeatured&p%5B2%5D=facets.brand%255B%255D%3DVanesa&sid=t06%2Cr3o%2Caa1
08:02:2014,250,Velvet Touch,2,http://www.flipkart.com/beauty-and-personal-care/fragrances/perfumes/pr?p%5B0%5D=facets.ideal_for%255B%255D%3DMen&p%5B1%5D=sort%3Dfeatured&p%5B2%5D=facets.brand%255B%255D%3DVelvet%2BTouch&sid=t06%2Cr3o%2Caa1
08:02:2014,251,Vevon,1,http://www.flipkart.com/beauty-and-personal-care/fragrances/perfumes/pr?p%5B0%5D=facets.ideal_for%255B%255D%3DMen&p%5B1%5D=sort%3Dfeatured&p%5B2%5D=facets.brand%255B%255D%3DVevon&sid=t06%2Cr3o%2Caa1
08:02:2014,252,Victoria's Secret,1,http://www.flipkart.com/beauty-and-personal-care/fragrances/perfumes/pr?p%5B0%5D=facets.ideal_for%255B%255D%3DMen&p%5B1%5D=sort%3Dfeatured&p%5B2%5D=facets.brand%255B%255D%3DVictoria%2527s%2BSecret&sid=t06%2Cr3o%2Caa1
08:02:2014,253,Vincent Valentine Paris,4,http://www.flipkart.com/beauty-and-personal-care/fragrances/perfumes/pr?p%5B0%5D=facets.ideal_for%255B%255D%3DMen&p%5B1%5D=sort%3Dfeatured&p%5B2%5D=facets.brand%255B%255D%3DVincent%2BValentine%2BParis&sid=t06%2Cr3o%2Caa1
08:02:2014,254,Viva Aroma,4,http://www.flipkart.com/beauty-and-personal-care/fragrances/perfumes/pr?p%5B0%5D=facets.ideal_for%255B%255D%3DMen&p%5B1%5D=sort%3Dfeatured&p%5B2%5D=facets.brand%255B%255D%3DViva%2BAroma&sid=t06%2Cr3o%2Caa1
08:02:2014,255,Viva Perfume,2,http://www.flipkart.com/beauty-and-personal-care/fragrances/perfumes/pr?p%5B0%5D=facets.ideal_for%255B%255D%3DMen&p%5B1%5D=sort%3Dfeatured&p%5B2%5D=facets.brand%255B%255D%3DViva%2BPerfume&sid=t06%2Cr3o%2Caa1
08:02:2014,256,viva Perfume,2,http://www.flipkart.com/beauty-and-personal-care/fragrances/perfumes/pr?p%5B0%5D=facets.ideal_for%255B%255D%3DMen&p%5B1%5D=sort%3Dfeatured&p%5B2%5D=facets.brand%255B%255D%3Dviva%2BPerfume&sid=t06%2Cr3o%2Caa1
08:02:2014,257,Wild Stone,5,http://www.flipkart.com/beauty-and-personal-care/fragrances/perfumes/pr?p%5B0%5D=facets.ideal_for%255B%255D%3DMen&p%5B1%5D=sort%3Dfeatured&p%5B2%5D=facets.brand%255B%255D%3DWild%2BStone&sid=t06%2Cr3o%2Caa1
08:02:2014,258,Woods,2,http://www.flipkart.com/beauty-and-personal-care/fragrances/perfumes/pr?p%5B0%5D=facets.ideal_for%255B%255D%3DMen&p%5B1%5D=sort%3Dfeatured&p%5B2%5D=facets.brand%255B%255D%3DWoods&sid=t06%2Cr3o%2Caa1
08:02:2014,259,WPC,26,http://www.flipkart.com/beauty-and-personal-care/fragrances/perfumes/pr?p%5B0%5D=facets.ideal_for%255B%255D%3DMen&p%5B1%5D=sort%3Dfeatured&p%5B2%5D=facets.brand%255B%255D%3DWPC&sid=t06%2Cr3o%2Caa1
08:02:2014,260,Yardley,5,http://www.flipkart.com/beauty-and-personal-care/fragrances/perfumes/pr?p%5B0%5D=facets.ideal_for%255B%255D%3DMen&p%5B1%5D=sort%3Dfeatured&p%5B2%5D=facets.brand%255B%255D%3DYardley&sid=t06%2Cr3o%2Caa1
08:02:2014,261,Zippo,2,http://www.flipkart.com/beauty-and-personal-care/fragrances/perfumes/pr?p%5B0%5D=facets.ideal_for%255B%255D%3DMen&p%5B1%5D=sort%3Dfeatured&p%5B2%5D=facets.brand%255B%255D%3DZippo&sid=t06%2Cr3o%2Caa1
08:02:2014,262,Zirh International,2,http://www.flipkart.com/beauty-and-personal-care/fragrances/perfumes/pr?p%5B0%5D=facets.ideal_for%255B%255D%3DMen&p%5B1%5D=sort%3Dfeatured&p%5B2%5D=facets.brand%255B%255D%3DZirh%2BInternational&sid=t06%2Cr3o%2Caa1
