03:36:56,Palmer's,(8),http://www.flipkart.com/baby-care/maternity-care/pr?p%5B0%5D=facets.brand%255B%255D%3DPalmer%2527s&sid=kyh%2Cbrd
03:36:56,Mothercare,(9),http://www.flipkart.com/baby-care/maternity-care/pr?p%5B0%5D=facets.brand%255B%255D%3DMothercare&sid=kyh%2Cbrd
03:36:56,Chicco,(21),http://www.flipkart.com/baby-care/maternity-care/pr?p%5B0%5D=facets.brand%255B%255D%3DChicco&sid=kyh%2Cbrd
03:36:56,Medela,(32),http://www.flipkart.com/baby-care/maternity-care/pr?p%5B0%5D=facets.brand%255B%255D%3DMedela&sid=kyh%2Cbrd
03:36:56,Johnsons Baby,(5),http://www.flipkart.com/baby-care/maternity-care/pr?p%5B0%5D=facets.brand%255B%255D%3DJohnsons%2BBaby&sid=kyh%2Cbrd
03:36:56,MeeMee,(19),http://www.flipkart.com/baby-care/maternity-care/pr?p%5B0%5D=facets.brand%255B%255D%3DMeeMee&sid=kyh%2Cbrd
03:36:56,Himalaya,(2),http://www.flipkart.com/baby-care/maternity-care/pr?p%5B0%5D=facets.brand%255B%255D%3DHimalaya&sid=kyh%2Cbrd
03:36:56,Sebamed,(3),http://www.flipkart.com/baby-care/maternity-care/pr?p%5B0%5D=facets.brand%255B%255D%3DSebamed&sid=kyh%2Cbrd
03:36:56,Advance Baby,(1),http://www.flipkart.com/baby-care/maternity-care/pr?p%5B0%5D=facets.brand%255B%255D%3DAdvance%2BBaby&sid=kyh%2Cbrd
03:36:56,Aloe Derma,(6),http://www.flipkart.com/baby-care/maternity-care/pr?p%5B0%5D=facets.brand%255B%255D%3DAloe%2BDerma&sid=kyh%2Cbrd
03:36:56,Baby Boo,(3),http://www.flipkart.com/baby-care/maternity-care/pr?p%5B0%5D=facets.brand%255B%255D%3DBaby%2BBoo&sid=kyh%2Cbrd
03:36:56,Barbie,(2),http://www.flipkart.com/baby-care/maternity-care/pr?p%5B0%5D=facets.brand%255B%255D%3DBarbie&sid=kyh%2Cbrd
03:36:56,Farlin,(30),http://www.flipkart.com/baby-care/maternity-care/pr?p%5B0%5D=facets.brand%255B%255D%3DFarlin&sid=kyh%2Cbrd
03:36:56,Nuby,(5),http://www.flipkart.com/baby-care/maternity-care/pr?p%5B0%5D=facets.brand%255B%255D%3DNuby&sid=kyh%2Cbrd
03:36:56,Oriflame,(1),http://www.flipkart.com/baby-care/maternity-care/pr?p%5B0%5D=facets.brand%255B%255D%3DOriflame&sid=kyh%2Cbrd
03:36:56,Philips Avent,(5),http://www.flipkart.com/baby-care/maternity-care/pr?p%5B0%5D=facets.brand%255B%255D%3DPhilips%2BAvent&sid=kyh%2Cbrd
03:36:56,Pigeon,(16),http://www.flipkart.com/baby-care/maternity-care/pr?p%5B0%5D=facets.brand%255B%255D%3DPigeon&sid=kyh%2Cbrd
03:36:56,Piyo Piyo,(2),http://www.flipkart.com/baby-care/maternity-care/pr?p%5B0%5D=facets.brand%255B%255D%3DPiyo%2BPiyo&sid=kyh%2Cbrd
03:36:56,Tollyjoy,(6),http://www.flipkart.com/baby-care/maternity-care/pr?p%5B0%5D=facets.brand%255B%255D%3DTollyjoy&sid=kyh%2Cbrd
03:36:56,Westinghouse,(1),http://www.flipkart.com/baby-care/maternity-care/pr?p%5B0%5D=facets.brand%255B%255D%3DWestinghouse&sid=kyh%2Cbrd
