01/02/2014,Bagsy Malone Flavor of Fall Hand Bag,Rs. 1499,http://img6a.flixcart.com/image/hand-messenger-bag/g/a/x/bmto5b-bagsy-malone-hand-bag-flavor-of-fall-400x400-imadpnvb7zypaer2.jpeg,(Grey dark-228),Rs. 1699,INDITOUCH,http://www.flipkart.com/bagsy-malone-flavor-fall-hand-bag/p/itmdpznchszwgdeq?pid=HMBDPNSSFVSJZGAX&srno=b_4&ref=97278a5b-c8e0-4659-8b04-c67cb995ae18
01/02/2014,Bagsy Malone Flavor of Fall Shoulder Bag,Rs. 1199,http://img6a.flixcart.com/image/hand-messenger-bag/r/q/p/bmha1-bagsy-malone-shoulder-bag-flavor-of-fall-400x400-imads2enzar7pr27.jpeg,(Brown-411),Rs. 1599,INDITOUCH,http://www.flipkart.com/bagsy-malone-flavor-fall-shoulder-bag/p/itmdpzncne3hnsuv?pid=HMBDZCW6SHJZURQP&srno=b_3&ref=97278a5b-c8e0-4659-8b04-c67cb995ae18
01/02/2014,Bagsy Malone Flavor of Fall Hand Bag,Rs. 1499,http://img6a.flixcart.com/image/hand-messenger-bag/h/r/m/bmto5a-bagsy-malone-hand-bag-flavor-of-fall-400x400-imadpnvbrpdygstd.jpeg,(Mustard-624),Rs. 1699,INDITOUCH,http://www.flipkart.com/bagsy-malone-flavor-fall-hand-bag/p/itmdpzncyghzhgmg?pid=HMBDPNSSGEQGXHRM&srno=b_6&ref=97278a5b-c8e0-4659-8b04-c67cb995ae18
01/02/2014,Bagsy Malone Flavor of Fall Hand Bag,Rs. 1399,http://img6a.flixcart.com/image/hand-messenger-bag/d/n/s/bmha5a-bagsy-malone-hand-bag-flavor-of-fall-400x400-imadptfryhhqpnve.jpeg,(Cream-118),Rs. 1499,INDITOUCH,http://www.flipkart.com/bagsy-malone-flavor-fall-hand-bag/p/itmdpt99t6azej6z?pid=HMBDPT94DHHBCDNS&srno=b_2&ref=97278a5b-c8e0-4659-8b04-c67cb995ae18
01/02/2014,Bagsy Malone Flavor of Fall Hand Bag,Rs. 1399,http://img5a.flixcart.com/image/hand-messenger-bag/g/j/g/bmha5-bagsy-malone-hand-bag-flavor-of-fall-400x400-imadpnvbrvcxrvwz.jpeg,(Yellow Chrome-222),Rs. 1499,INDITOUCH,http://www.flipkart.com/bagsy-malone-flavor-fall-hand-bag/p/itmdpzncqau2czwf?pid=HMBDPNSSNHVDPGJG&srno=b_5&ref=97278a5b-c8e0-4659-8b04-c67cb995ae18
01/02/2014,Bagsy Malone Flavor of Fall Shoulder Bag,Rs. 1099,http://img5a.flixcart.com/image/hand-messenger-bag/w/r/r/bmto3-bagsy-malone-shoulder-bag-flavor-of-fall-400x400-imadzdqchkvsnuqe.jpeg,(Beige-05),Rs. 1399,INDITOUCH,http://www.flipkart.com/bagsy-malone-flavor-fall-shoulder-bag/p/itmdpznc99g3ngmh?pid=HMBDZCW6YVMVZWRR&srno=b_1&ref=97278a5b-c8e0-4659-8b04-c67cb995ae18
01/02/2014,Bagsy Malone Flavor of Fall Hand Bag,Rs. 1299,http://img5a.flixcart.com/image/hand-messenger-bag/e/x/8/bmhm1b-bagsy-malone-hand-bag-flavor-of-fall-400x400-imadq4fjp5qzgtyr.jpeg,(Blue Light 127),Rs. 1699,INDITOUCH,http://www.flipkart.com/bagsy-malone-flavor-fall-hand-bag/p/itmdq33qyathesvy?pid=HMBDQ33Q9Z3MGEX8&srno=b_8&ref=97278a5b-c8e0-4659-8b04-c67cb995ae18
01/02/2014,Bagsy Malone Flavor of Fall Hand Bag,Rs. 799,http://img6a.flixcart.com/image/hand-messenger-bag/q/d/j/bmho15a-bagsy-malone-hand-bag-flavor-of-fall-400x400-imadq4fjcbcubadu.jpeg,(Yellow Chrome 222),Rs. 1199,INDITOUCH,http://www.flipkart.com/bagsy-malone-flavor-fall-hand-bag/p/itmdq33qt9jhz32g?pid=HMBDQ33QGQYQYQDJ&srno=b_9&ref=97278a5b-c8e0-4659-8b04-c67cb995ae18
01/02/2014,Bagsy Malone Flavor of Fall Hand Bag,Rs. 1599,http://img6a.flixcart.com/image/hand-messenger-bag/e/r/v/bmhm3-bagsy-malone-hand-bag-flavor-of-fall-400x400-imadq4fhqetzywbg.jpeg,(Blue Light 127),Rs. 1799,INDITOUCH,http://www.flipkart.com/bagsy-malone-flavor-fall-hand-bag/p/itmdq33qgqqngp8y?pid=HMBDQ33QKQWMMERV&srno=b_13&ref=97278a5b-c8e0-4659-8b04-c67cb995ae18
01/02/2014,Bagsy Malone Flavor of Fall Hand Bag,Rs. 999,http://img5a.flixcart.com/image/hand-messenger-bag/d/d/x/bmho8-bagsy-malone-hand-bag-flavor-of-fall-400x400-imadq4fns8qubt9z.jpeg,(Yellow Chrome 222),Rs. 1399,INDITOUCH,http://www.flipkart.com/bagsy-malone-flavor-fall-hand-bag/p/itmdq33qwydgm6r3?pid=HMBDQ33QYBSJUGBH&srno=b_17&ref=3fb26b18-3b1d-491a-ba98-c994fb579966
01/02/2014,Bagsy Malone Flavor of Fall Hand Bag,Rs. 1499,http://img6a.flixcart.com/image/hand-messenger-bag/e/g/f/bmto5-bagsy-malone-hand-bag-flavor-of-fall-400x400-imadpnvbhqtqhxwr.jpeg,(Brown dirty-116),Rs. 1699,INDITOUCH,http://www.flipkart.com/bagsy-malone-flavor-fall-hand-bag/p/itmdpzncbyhps5u7?pid=HMBDPNSSQZ9HAEGF&srno=b_21&ref=3fb26b18-3b1d-491a-ba98-c994fb579966
01/02/2014,Bagsy Malone Flavor of Fall Hand Bag,Rs. 799,http://img6a.flixcart.com/image/hand-messenger-bag/x/3/j/bmho15-bagsy-malone-hand-bag-flavor-of-fall-400x400-imadq4fj2vd653af.jpeg,(Blue Light 127),Rs. 1199,INDITOUCH,http://www.flipkart.com/bagsy-malone-flavor-fall-hand-bag/p/itmdq33qmrpta5yq?pid=HMBDQ33QVQ6MFX3J&srno=b_20&ref=3fb26b18-3b1d-491a-ba98-c994fb579966
01/02/2014,Bagsy Malone Flavor of Fall Hand Bag,Rs. 999,http://img5a.flixcart.com/image/hand-messenger-bag/c/v/v/bmho8a-bagsy-malone-hand-bag-flavor-of-fall-400x400-imadq4fjh3wvbhuh.jpeg,(Orange 126),Rs. 1399,INDITOUCH,http://www.flipkart.com/bagsy-malone-flavor-fall-hand-bag/p/itmdq33qznrhggcg?pid=HMBDQ33QUSZAHCVV&srno=b_16&ref=3fb26b18-3b1d-491a-ba98-c994fb579966
01/02/2014,Bagsy Malone Flavor of Fall Hand Bag,Rs. 1299,http://img6a.flixcart.com/image/hand-messenger-bag/y/r/m/bmhm1-bagsy-malone-hand-bag-flavor-of-fall-400x400-imadq4fnzauvf4gh.jpeg,(Brown Dirty 116),Rs. 1699,INDITOUCH,http://www.flipkart.com/bagsy-malone-flavor-fall-hand-bag/p/itmdq33qggyreu73?pid=HMBDQ33QT5X8GYRM&srno=b_15&ref=97278a5b-c8e0-4659-8b04-c67cb995ae18
01/02/2014,Bagsy Malone Flavor of Fall Hand Bag,Rs. 1799,http://img6a.flixcart.com/image/hand-messenger-bag/z/b/s/bmha3a-bagsy-malone-hand-bag-flavor-of-fall-400x400-imadqgzm5nzaabpd.jpeg,(Pink Light 231),Rs. 1999,INDITOUCH,http://www.flipkart.com/bagsy-malone-flavor-fall-hand-bag/p/itmdqgm5uz8fp33n?pid=HMBDQGM34RUSTZBS&srno=b_19&ref=3fb26b18-3b1d-491a-ba98-c994fb579966
01/02/2014,Bagsy Malone Flavor of Fall Hand Bag,Rs. 1499,http://img5a.flixcart.com/image/hand-messenger-bag/h/d/f/bmha17-bagsy-malone-hand-bag-flavor-of-fall-400x400-imadq4fjvg9y5fah.jpeg,(Zed Black 115),Rs. 2199,INDITOUCH,http://www.flipkart.com/bagsy-malone-flavor-fall-hand-bag/p/itmdq33qbzk3wkwb?pid=HMBDQ33QHZWGUHDF&srno=b_14&ref=97278a5b-c8e0-4659-8b04-c67cb995ae18
01/02/2014,Bagsy Malone Flavor of Fall Shoulder Bag,Rs. 1099,http://img6a.flixcart.com/image/hand-messenger-bag/p/q/t/bmto2-bagsy-malone-shoulder-bag-flavor-of-fall-400x400-imadzd7vspzcnvfa.jpeg,(Beige-05),Rs. 1399,INDITOUCH,http://www.flipkart.com/bagsy-malone-flavor-fall-shoulder-bag/p/itmdpzncvfu44fef?pid=HMBDZCW6BHY64PQT&srno=b_22&ref=3fb26b18-3b1d-491a-ba98-c994fb579966
01/02/2014,Bagsy Malone Flavor of Fall Hand Bag,Rs. 1799,http://img5a.flixcart.com/image/hand-messenger-bag/h/r/y/bmha3-bagsy-malone-hand-bag-flavor-of-fall-400x400-imadqgzmctut9muv.jpeg,(Blue Dark 221),Rs. 1999,INDITOUCH,http://www.flipkart.com/bagsy-malone-flavor-fall-hand-bag/p/itmdqgm55pn94ang?pid=HMBDQGM3XTTXKHRY&srno=b_18&ref=3fb26b18-3b1d-491a-ba98-c994fb579966
01/02/2014,Bagsy Malone Flavor of Fall Hand Bag,Rs. 1299,http://img6a.flixcart.com/image/hand-messenger-bag/8/p/z/bmhm1a-bagsy-malone-hand-bag-flavor-of-fall-400x400-imadq4fjx63hwhfu.jpeg,(Purple Wine 129),Rs. 1699,INDITOUCH,http://www.flipkart.com/bagsy-malone-flavor-fall-hand-bag/p/itmdq33q3zjgfeh6?pid=HMBDQ33QHUGHM8PZ&srno=b_12&ref=97278a5b-c8e0-4659-8b04-c67cb995ae18
01/02/2014,Bagsy Malone Flavor of Fall Shoulder Bag,Rs. 1099,http://img6a.flixcart.com/image/hand-messenger-bag/f/r/j/bmto1a-bagsy-malone-shoulder-bag-flavor-of-fall-400x400-imadzdqcafdgzxwy.jpeg,(Blue Dark-221),Rs. 1499,INDITOUCH,http://www.flipkart.com/bagsy-malone-flavor-fall-shoulder-bag/p/itmdpzncfg58sy4x?pid=HMBDZCW6V4FWWFRJ&srno=b_24&ref=3fb26b18-3b1d-491a-ba98-c994fb579966
01/02/2014,Bagsy Malone Flavor of Fall Hand Bag,Rs. 1599,http://img6a.flixcart.com/image/hand-messenger-bag/c/k/g/bmha6a-bagsy-malone-hand-bag-flavor-of-fall-400x400-imadq4fh2jjtanyb.jpeg,(Mustard 624),Rs. 1699,INDITOUCH,http://www.flipkart.com/bagsy-malone-flavor-fall-hand-bag/p/itmdq33qzkez4wxy?pid=HMBDQ33QDGT8JCKG&srno=b_25&ref=3fb26b18-3b1d-491a-ba98-c994fb579966
01/02/2014,Bagsy Malone Flavor of Fall Shoulder Bag,Rs. 1099,http://img5a.flixcart.com/image/hand-messenger-bag/3/m/b/bmto1-bagsy-malone-shoulder-bag-flavor-of-fall-400x400-imadzd7vc5weksfd.jpeg,(Cherry-110),Rs. 1499,INDITOUCH,http://www.flipkart.com/bagsy-malone-flavor-fall-shoulder-bag/p/itmdpzncdcwn9ghh?pid=HMBDZCW6F7BSP3MB&srno=b_23&ref=3fb26b18-3b1d-491a-ba98-c994fb579966
01/02/2014,Bagsy Malone Flavor of Fall Hand Bag,Rs. 1599,http://img5a.flixcart.com/image/hand-messenger-bag/m/h/8/bmha6-bagsy-malone-hand-bag-flavor-of-fall-400x400-imadqbygqqhz9uws.jpeg,(Purple Plum 120),Rs. 1699,INDITOUCH,http://www.flipkart.com/bagsy-malone-flavor-fall-hand-bag/p/itmdq33q8frjbfzd?pid=HMBDQ33QCMQR7MH8&srno=b_10&ref=97278a5b-c8e0-4659-8b04-c67cb995ae18
